{"edges": [{"attributes": {"Weight": 0.17413769026672252}, "color": "rgb(229,164,67)", "id": 0, "size": 1, "source": 1, "target": 0}, {"attributes": {"Weight": 0.1716338791377076}, "color": "rgb(229,164,67)", "id": 1, "size": 1, "source": 3, "target": 0}, {"attributes": {"Weight": 0.17426236320820057}, "color": "rgb(229,164,67)", "id": 2, "size": 1, "source": 20, "target": 0}, {"attributes": {"Weight": 0.1979778212654925}, "color": "rgb(229,164,67)", "id": 3, "size": 1, "source": 23, "target": 0}, {"attributes": {"Weight": 0.18686266719639782}, "color": "rgb(229,164,67)", "id": 4, "size": 1, "source": 2, "target": 1}, {"attributes": {"Weight": 0.17303692147685906}, "color": "rgb(229,164,67)", "id": 5, "size": 1, "source": 10, "target": 1}, {"attributes": {"Weight": 0.17563739376770537}, "color": "rgb(229,164,67)", "id": 6, "size": 1, "source": 13, "target": 1}, {"attributes": {"Weight": 0.23206131767775603}, "color": "rgb(229,164,67)", "id": 7, "size": 1, "source": 23, "target": 1}, {"attributes": {"Weight": 0.16653449643140364}, "color": "rgb(229,164,67)", "id": 8, "size": 1, "source": 0, "target": 2}, {"attributes": {"Weight": 0.1626365054602184}, "color": "rgb(229,164,67)", "id": 9, "size": 1, "source": 10, "target": 2}, {"attributes": {"Weight": 0.16533608035024466}, "color": "rgb(229,164,67)", "id": 10, "size": 1, "source": 13, "target": 2}, {"attributes": {"Weight": 0.16699147381242388}, "color": "rgb(229,164,67)", "id": 11, "size": 1, "source": 14, "target": 2}, {"attributes": {"Weight": 0.23467090451595815}, "color": "rgb(229,164,67)", "id": 12, "size": 1, "source": 2, "target": 3}, {"attributes": {"Weight": 0.21996879875195008}, "color": "rgb(229,164,67)", "id": 13, "size": 1, "source": 10, "target": 3}, {"attributes": {"Weight": 0.22070645554202192}, "color": "rgb(229,164,67)", "id": 14, "size": 1, "source": 14, "target": 3}, {"attributes": {"Weight": 0.03162126269695991}, "color": "rgb(229,164,67)", "id": 15, "size": 1, "source": 19, "target": 3}, {"attributes": {"Weight": 0.17436661698956782}, "color": "rgb(229,164,67)", "id": 16, "size": 1, "source": 7, "target": 4}, {"attributes": {"Weight": 0.1694102397926118}, "color": "rgb(229,164,67)", "id": 17, "size": 1, "source": 16, "target": 4}, {"attributes": {"Weight": 0.16943765281173595}, "color": "rgb(229,164,67)", "id": 18, "size": 1, "source": 18, "target": 4}, {"attributes": {"Weight": 0.22344757380386834}, "color": "rgb(229,164,67)", "id": 19, "size": 1, "source": 22, "target": 4}, {"attributes": {"Weight": 0.16735563071526996}, "color": "rgb(229,164,67)", "id": 20, "size": 1, "source": 8, "target": 5}, {"attributes": {"Weight": 0.14443587766640967}, "color": "rgb(229,164,67)", "id": 21, "size": 1, "source": 9, "target": 5}, {"attributes": {"Weight": 0.1816846882926178}, "color": "rgb(229,164,67)", "id": 22, "size": 1, "source": 15, "target": 5}, {"attributes": {"Weight": 0.20702774487635045}, "color": "rgb(229,164,67)", "id": 23, "size": 1, "source": 19, "target": 5}, {"attributes": {"Weight": 0.16458081011976855}, "color": "rgb(229,164,67)", "id": 24, "size": 1, "source": 4, "target": 6}, {"attributes": {"Weight": 0.16772795014225714}, "color": "rgb(229,164,67)", "id": 25, "size": 1, "source": 7, "target": 6}, {"attributes": {"Weight": 0.16726775276706876}, "color": "rgb(229,164,67)", "id": 26, "size": 1, "source": 12, "target": 6}, {"attributes": {"Weight": 0.21496437054631828}, "color": "rgb(229,164,67)", "id": 27, "size": 1, "source": 22, "target": 6}, {"attributes": {"Weight": 0.17494280715919797}, "color": "rgb(229,164,67)", "id": 28, "size": 1, "source": 4, "target": 7}, {"attributes": {"Weight": 0.16605744125326372}, "color": "rgb(229,164,67)", "id": 29, "size": 1, "source": 6, "target": 7}, {"attributes": {"Weight": 0.17684367615968163}, "color": "rgb(229,164,67)", "id": 30, "size": 1, "source": 12, "target": 7}, {"attributes": {"Weight": 0.1730395333765392}, "color": "rgb(229,164,67)", "id": 31, "size": 1, "source": 16, "target": 7}, {"attributes": {"Weight": 0.16008952762398398}, "color": "rgb(229,164,67)", "id": 32, "size": 1, "source": 3, "target": 8}, {"attributes": {"Weight": 0.19768848273081574}, "color": "rgb(229,164,67)", "id": 33, "size": 1, "source": 5, "target": 8}, {"attributes": {"Weight": 0.1897969673605757}, "color": "rgb(229,164,67)", "id": 34, "size": 1, "source": 9, "target": 8}, {"attributes": {"Weight": 0.23350882626200062}, "color": "rgb(229,164,67)", "id": 35, "size": 1, "source": 21, "target": 8}, {"attributes": {"Weight": 0.15172691842494287}, "color": "rgb(229,164,67)", "id": 36, "size": 1, "source": 5, "target": 9}, {"attributes": {"Weight": 0.1687335588124765}, "color": "rgb(229,164,67)", "id": 37, "size": 1, "source": 8, "target": 9}, {"attributes": {"Weight": 0.18315311707382192}, "color": "rgb(229,164,67)", "id": 38, "size": 1, "source": 15, "target": 9}, {"attributes": {"Weight": 0.17668428005284015}, "color": "rgb(229,164,67)", "id": 39, "size": 1, "source": 17, "target": 9}, {"attributes": {"Weight": 0.17190336545175255}, "color": "rgb(229,164,67)", "id": 40, "size": 1, "source": 1, "target": 10}, {"attributes": {"Weight": 0.15719772215600583}, "color": "rgb(229,164,67)", "id": 41, "size": 1, "source": 2, "target": 10}, {"attributes": {"Weight": 0.18085808580858087}, "color": "rgb(229,164,67)", "id": 42, "size": 1, "source": 11, "target": 10}, {"attributes": {"Weight": 0.17218451309045574}, "color": "rgb(229,164,67)", "id": 43, "size": 1, "source": 20, "target": 10}, {"attributes": {"Weight": 0.24623314829500398}, "color": "rgb(229,164,67)", "id": 44, "size": 1, "source": 0, "target": 11}, {"attributes": {"Weight": 0.2577453174696666}, "color": "rgb(229,164,67)", "id": 45, "size": 1, "source": 3, "target": 11}, {"attributes": {"Weight": 0.24102964118564743}, "color": "rgb(229,164,67)", "id": 46, "size": 1, "source": 10, "target": 11}, {"attributes": {"Weight": 0.2429822302343549}, "color": "rgb(229,164,67)", "id": 47, "size": 1, "source": 13, "target": 11}, {"attributes": {"Weight": 0.317351598173516}, "color": "rgb(229,164,67)", "id": 48, "size": 1, "source": 23, "target": 11}, {"attributes": {"Weight": 0.20404699738903395}, "color": "rgb(229,164,67)", "id": 49, "size": 1, "source": 6, "target": 12}, {"attributes": {"Weight": 0.21758569299552907}, "color": "rgb(229,164,67)", "id": 50, "size": 1, "source": 7, "target": 12}, {"attributes": {"Weight": 0.19756394640682096}, "color": "rgb(229,164,67)", "id": 51, "size": 1, "source": 14, "target": 12}, {"attributes": {"Weight": 0.21075826312378484}, "color": "rgb(229,164,67)", "id": 52, "size": 1, "source": 16, "target": 12}, {"attributes": {"Weight": 0.20831295843520783}, "color": "rgb(229,164,67)", "id": 53, "size": 1, "source": 18, "target": 12}, {"attributes": {"Weight": 0.16666666666666666}, "color": "rgb(229,164,67)", "id": 54, "size": 1, "source": 0, "target": 13}, {"attributes": {"Weight": 0.1922915793883536}, "color": "rgb(229,164,67)", "id": 55, "size": 1, "source": 1, "target": 13}, {"attributes": {"Weight": 0.18694781481917777}, "color": "rgb(229,164,67)", "id": 56, "size": 1, "source": 3, "target": 13}, {"attributes": {"Weight": 0.2}, "color": "rgb(229,164,67)", "id": 57, "size": 1, "source": 11, "target": 13}, {"attributes": {"Weight": 0.1922703975619892}, "color": "rgb(229,164,67)", "id": 58, "size": 1, "source": 20, "target": 13}, {"attributes": {"Weight": 0.22077922077922077}, "color": "rgb(229,164,67)", "id": 59, "size": 1, "source": 1, "target": 14}, {"attributes": {"Weight": 0.20354919878161834}, "color": "rgb(229,164,67)", "id": 60, "size": 1, "source": 2, "target": 14}, {"attributes": {"Weight": 0.22706270627062705}, "color": "rgb(229,164,67)", "id": 61, "size": 1, "source": 11, "target": 14}, {"attributes": {"Weight": 0.220667682504502}, "color": "rgb(229,164,67)", "id": 62, "size": 1, "source": 20, "target": 14}, {"attributes": {"Weight": 0.2526092628832355}, "color": "rgb(229,164,67)", "id": 63, "size": 1, "source": 23, "target": 14}, {"attributes": {"Weight": 0.2257761053621825}, "color": "rgb(229,164,67)", "id": 64, "size": 1, "source": 5, "target": 15}, {"attributes": {"Weight": 0.2166538164996145}, "color": "rgb(229,164,67)", "id": 65, "size": 1, "source": 9, "target": 15}, {"attributes": {"Weight": 0.267668428005284}, "color": "rgb(229,164,67)", "id": 66, "size": 1, "source": 17, "target": 15}, {"attributes": {"Weight": 0.2875704389648613}, "color": "rgb(229,164,67)", "id": 67, "size": 1, "source": 19, "target": 15}, {"attributes": {"Weight": 0.26571694022917314}, "color": "rgb(229,164,67)", "id": 68, "size": 1, "source": 21, "target": 15}, {"attributes": {"Weight": 0.2060287982774862}, "color": "rgb(229,164,67)", "id": 69, "size": 1, "source": 4, "target": 16}, {"attributes": {"Weight": 0.19621409921671018}, "color": "rgb(229,164,67)", "id": 70, "size": 1, "source": 6, "target": 16}, {"attributes": {"Weight": 0.2094567131824956}, "color": "rgb(229,164,67)", "id": 71, "size": 1, "source": 7, "target": 16}, {"attributes": {"Weight": 0.2055714463375202}, "color": "rgb(229,164,67)", "id": 72, "size": 1, "source": 12, "target": 16}, {"attributes": {"Weight": 0.20097799511002445}, "color": "rgb(229,164,67)", "id": 73, "size": 1, "source": 18, "target": 16}, {"attributes": {"Weight": 0.2673905666779776}, "color": "rgb(229,164,67)", "id": 74, "size": 1, "source": 22, "target": 16}, {"attributes": {"Weight": 0.15669936836446713}, "color": "rgb(229,164,67)", "id": 75, "size": 1, "source": 5, "target": 17}, {"attributes": {"Weight": 0.17324314167606164}, "color": "rgb(229,164,67)", "id": 76, "size": 1, "source": 8, "target": 17}, {"attributes": {"Weight": 0.18795888399412627}, "color": "rgb(229,164,67)", "id": 77, "size": 1, "source": 15, "target": 17}, {"attributes": {"Weight": 0.21377552851656437}, "color": "rgb(229,164,67)", "id": 78, "size": 1, "source": 19, "target": 17}, {"attributes": {"Weight": 0.1861257355218334}, "color": "rgb(229,164,67)", "id": 79, "size": 1, "source": 21, "target": 17}, {"attributes": {"Weight": 0.2272910779168349}, "color": "rgb(229,164,67)", "id": 80, "size": 1, "source": 4, "target": 18}, {"attributes": {"Weight": 0.21697127937336816}, "color": "rgb(229,164,67)", "id": 81, "size": 1, "source": 6, "target": 18}, {"attributes": {"Weight": 0.23086302669015038}, "color": "rgb(229,164,67)", "id": 82, "size": 1, "source": 7, "target": 18}, {"attributes": {"Weight": 0.22522074368859596}, "color": "rgb(229,164,67)", "id": 83, "size": 1, "source": 12, "target": 18}, {"attributes": {"Weight": 0.22346079066753077}, "color": "rgb(229,164,67)", "id": 84, "size": 1, "source": 16, "target": 18}, {"attributes": {"Weight": 0.2941974889718358}, "color": "rgb(229,164,67)", "id": 85, "size": 1, "source": 22, "target": 18}, {"attributes": {"Weight": 0.2681091251175917}, "color": "rgb(229,164,67)", "id": 86, "size": 1, "source": 5, "target": 19}, {"attributes": {"Weight": 0.2770888137291745}, "color": "rgb(229,164,67)", "id": 87, "size": 1, "source": 8, "target": 19}, {"attributes": {"Weight": 0.2571318427139553}, "color": "rgb(229,164,67)", "id": 88, "size": 1, "source": 9, "target": 19}, {"attributes": {"Weight": 0.18653465346534653}, "color": "rgb(229,164,67)", "id": 89, "size": 1, "source": 11, "target": 19}, {"attributes": {"Weight": 0.31968295904887717}, "color": "rgb(229,164,67)", "id": 90, "size": 1, "source": 17, "target": 19}, {"attributes": {"Weight": 0.3146484979869929}, "color": "rgb(229,164,67)", "id": 91, "size": 1, "source": 21, "target": 19}, {"attributes": {"Weight": 0.20777160983346551}, "color": "rgb(229,164,67)", "id": 92, "size": 1, "source": 0, "target": 20}, {"attributes": {"Weight": 0.21771950735001985}, "color": "rgb(229,164,67)", "id": 93, "size": 1, "source": 2, "target": 20}, {"attributes": {"Weight": 0.22358346094946402}, "color": "rgb(229,164,67)", "id": 94, "size": 1, "source": 3, "target": 20}, {"attributes": {"Weight": 0.20332813312532502}, "color": "rgb(229,164,67)", "id": 95, "size": 1, "source": 10, "target": 20}, {"attributes": {"Weight": 0.20563996909605975}, "color": "rgb(229,164,67)", "id": 96, "size": 1, "source": 13, "target": 20}, {"attributes": {"Weight": 0.205115712545676}, "color": "rgb(229,164,67)", "id": 97, "size": 1, "source": 14, "target": 20}, {"attributes": {"Weight": 0.2135788550670174}, "color": "rgb(229,164,67)", "id": 98, "size": 1, "source": 8, "target": 21}, {"attributes": {"Weight": 0.19198149575944487}, "color": "rgb(229,164,67)", "id": 99, "size": 1, "source": 9, "target": 21}, {"attributes": {"Weight": 0.20554455445544553}, "color": "rgb(229,164,67)", "id": 100, "size": 1, "source": 11, "target": 21}, {"attributes": {"Weight": 0.23094379922573754}, "color": "rgb(229,164,67)", "id": 101, "size": 1, "source": 15, "target": 21}, {"attributes": {"Weight": 0.23596433289299867}, "color": "rgb(229,164,67)", "id": 102, "size": 1, "source": 17, "target": 21}, {"attributes": {"Weight": 0.260005024945264}, "color": "rgb(229,164,67)", "id": 103, "size": 1, "source": 19, "target": 21}, {"attributes": {"Weight": 0.22715650652671243}, "color": "rgb(229,164,67)", "id": 104, "size": 1, "source": 4, "target": 22}, {"attributes": {"Weight": 0.21671018276762402}, "color": "rgb(229,164,67)", "id": 105, "size": 1, "source": 6, "target": 22}, {"attributes": {"Weight": 0.22509638104713345}, "color": "rgb(229,164,67)", "id": 106, "size": 1, "source": 12, "target": 22}, {"attributes": {"Weight": 0.21625951141369643}, "color": "rgb(229,164,67)", "id": 107, "size": 1, "source": 15, "target": 22}, {"attributes": {"Weight": 0.22333117303953337}, "color": "rgb(229,164,67)", "id": 108, "size": 1, "source": 16, "target": 22}, {"attributes": {"Weight": 0.22017114914425429}, "color": "rgb(229,164,67)", "id": 109, "size": 1, "source": 18, "target": 22}, {"attributes": {"Weight": 0.2127940787734602}, "color": "rgb(229,164,67)", "id": 110, "size": 1, "source": 0, "target": 23}, {"attributes": {"Weight": 0.24088814411395057}, "color": "rgb(229,164,67)", "id": 111, "size": 1, "source": 1, "target": 23}, {"attributes": {"Weight": 0.21040432655163532}, "color": "rgb(229,164,67)", "id": 112, "size": 1, "source": 13, "target": 23}, {"attributes": {"Weight": 0.20962241169305726}, "color": "rgb(229,164,67)", "id": 113, "size": 1, "source": 14, "target": 23}, {"attributes": {"Weight": 0.2011002444987775}, "color": "rgb(229,164,67)", "id": 114, "size": 1, "source": 18, "target": 23}, {"attributes": {"Weight": 0.24061504363485248}, "color": "rgb(229,164,67)", "id": 115, "size": 1, "source": 20, "target": 23}], "nodes": [{"attributes": {"Module_id": 1}, "color": "rgb(0,0,255)", "id": 0, "label": "id_1", "size": 1, "x": 1, "y": 1}, {"attributes": {"Module_id": 1}, "color": "rgb(0,0,255)", "id": 1, "label": "id_2", "size": 1, "x": 1, "y": 1}, {"attributes": {"Module_id": 1}, "color": "rgb(0,0,255)", "id": 2, "label": "id_3", "size": 1, "x": 1, "y": 1}, {"attributes": {"Module_id": 1}, "color": "rgb(0,0,255)", "id": 3, "label": "id_4", "size": 1, "x": 1, "y": 1}, {"attributes": {"Module_id": 1}, "color": "rgb(0,0,255)", "id": 4, "label": "id_5", "size": 1, "x": 1, "y": 1}, {"attributes": {"Module_id": 2}, "color": "rgb(0,0,255)", "id": 5, "label": "id_6", "size": 1, "x": 1, "y": 1}, {"attributes": {"Module_id": 3}, "color": "rgb(0,0,255)", "id": 6, "label": "id_7", "size": 1, "x": 1, "y": 1}, {"attributes": {"Module_id": 2}, "color": "rgb(0,0,255)", "id": 7, "label": "id_8", "size": 1, "x": 1, "y": 1}, {"attributes": {"Module_id": 2}, "color": "rgb(0,0,255)", "id": 8, "label": "id_9", "size": 1, "x": 1, "y": 1}, {"attributes": {"Module_id": 3}, "color": "rgb(0,0,255)", "id": 9, "label": "id_10", "size": 1, "x": 1, "y": 1}, {"attributes": {"Module_id": 3}, "color": "rgb(0,0,255)", "id": 10, "label": "id_11", "size": 1, "x": 1, "y": 1}, {"attributes": {"Module_id": 1}, "color": "rgb(0,0,255)", "id": 11, "label": "id_12", "size": 1, "x": 1, "y": 1}, {"attributes": {"Module_id": 3}, "color": "rgb(0,0,255)", "id": 12, "label": "id_13", "size": 1, "x": 1, "y": 1}, {"attributes": {"Module_id": 2}, "color": "rgb(0,0,255)", "id": 13, "label": "id_14", "size": 1, "x": 1, "y": 1}, {"attributes": {"Module_id": 1}, "color": "rgb(0,0,255)", "id": 14, "label": "id_15", "size": 1, "x": 1, "y": 1}, {"attributes": {"Module_id": 1}, "color": "rgb(0,0,255)", "id": 15, "label": "id_16", "size": 1, "x": 1, "y": 1}, {"attributes": {"Module_id": 3}, "color": "rgb(0,0,255)", "id": 16, "label": "id_17", "size": 1, "x": 1, "y": 1}, {"attributes": {"Module_id": 2}, "color": "rgb(0,0,255)", "id": 17, "label": "id_18", "size": 1, "x": 1, "y": 1}, {"attributes": {"Module_id": 3}, "color": "rgb(0,0,255)", "id": 18, "label": "id_19", "size": 1, "x": 1, "y": 1}, {"attributes": {"Module_id": 2}, "color": "rgb(0,0,255)", "id": 19, "label": "id_20", "size": 1, "x": 1, "y": 1}, {"attributes": {"Module_id": 3}, "color": "rgb(0,0,255)", "id": 20, "label": "id_21", "size": 1, "x": 1, "y": 1}, {"attributes": {"Module_id": 1}, "color": "rgb(0,0,255)", "id": 21, "label": "id_22", "size": 1, "x": 1, "y": 1}, {"attributes": {"Module_id": 3}, "color": "rgb(0,0,255)", "id": 22, "label": "id_23", "size": 1, "x": 1, "y": 1}, {"attributes": {"Module_id": 2}, "color": "rgb(0,0,255)", "id": 23, "label": "id_24", "size": 1, "x": 1, "y": 1}]}