{"edges": [{"attributes": {"Weight": 0.09591367769007893}, "color": "rgb(229,164,67)", "id": 0, "size": 1, "source": 4, "target": 0}, {"attributes": {"Weight": 0.10249346612982976}, "color": "rgb(229,164,67)", "id": 1, "size": 1, "source": 13, "target": 0}, {"attributes": {"Weight": 0.1593836246550138}, "color": "rgb(229,164,67)", "id": 2, "size": 1, "source": 44, "target": 0}, {"attributes": {"Weight": 0.17169260700389105}, "color": "rgb(229,164,67)", "id": 3, "size": 1, "source": 47, "target": 0}, {"attributes": {"Weight": 0.12404849666089489}, "color": "rgb(229,164,67)", "id": 4, "size": 1, "source": 9, "target": 1}, {"attributes": {"Weight": 0.09561205997034433}, "color": "rgb(229,164,67)", "id": 5, "size": 1, "source": 12, "target": 1}, {"attributes": {"Weight": 0.10829472154083765}, "color": "rgb(229,164,67)", "id": 6, "size": 1, "source": 29, "target": 1}, {"attributes": {"Weight": 0.17841388031895916}, "color": "rgb(229,164,67)", "id": 7, "size": 1, "source": 9, "target": 2}, {"attributes": {"Weight": 0.13046924540266328}, "color": "rgb(229,164,67)", "id": 8, "size": 1, "source": 33, "target": 2}, {"attributes": {"Weight": 0.17621255796465723}, "color": "rgb(229,164,67)", "id": 9, "size": 1, "source": 39, "target": 2}, {"attributes": {"Weight": 0.18238021638330756}, "color": "rgb(229,164,67)", "id": 10, "size": 1, "source": 41, "target": 2}, {"attributes": {"Weight": 0.12307535433873763}, "color": "rgb(229,164,67)", "id": 11, "size": 1, "source": 20, "target": 3}, {"attributes": {"Weight": 0.13385630681110697}, "color": "rgb(229,164,67)", "id": 12, "size": 1, "source": 21, "target": 3}, {"attributes": {"Weight": 0.1250661407475107}, "color": "rgb(229,164,67)", "id": 13, "size": 1, "source": 28, "target": 3}, {"attributes": {"Weight": 0.12224638366266427}, "color": "rgb(229,164,67)", "id": 14, "size": 1, "source": 35, "target": 3}, {"attributes": {"Weight": 0.31736476883203746}, "color": "rgb(229,164,67)", "id": 15, "size": 1, "source": 5, "target": 4}, {"attributes": {"Weight": 0.297719087635054}, "color": "rgb(229,164,67)", "id": 16, "size": 1, "source": 6, "target": 4}, {"attributes": {"Weight": 0.30359237340692696}, "color": "rgb(229,164,67)", "id": 17, "size": 1, "source": 9, "target": 4}, {"attributes": {"Weight": 0.31831383287693965}, "color": "rgb(229,164,67)", "id": 18, "size": 1, "source": 10, "target": 4}, {"attributes": {"Weight": 0.1366790618686499}, "color": "rgb(229,164,67)", "id": 19, "size": 1, "source": 6, "target": 5}, {"attributes": {"Weight": 0.13082847522333246}, "color": "rgb(229,164,67)", "id": 20, "size": 1, "source": 9, "target": 5}, {"attributes": {"Weight": 0.09003402207285703}, "color": "rgb(229,164,67)", "id": 21, "size": 1, "source": 10, "target": 5}, {"attributes": {"Weight": 0.19512438805075433}, "color": "rgb(229,164,67)", "id": 22, "size": 1, "source": 4, "target": 6}, {"attributes": {"Weight": 0.2633559066967645}, "color": "rgb(229,164,67)", "id": 23, "size": 1, "source": 5, "target": 6}, {"attributes": {"Weight": 0.26291250203230154}, "color": "rgb(229,164,67)", "id": 24, "size": 1, "source": 9, "target": 6}, {"attributes": {"Weight": 0.26470832296075014}, "color": "rgb(229,164,67)", "id": 25, "size": 1, "source": 10, "target": 6}, {"attributes": {"Weight": 0.13522468419962724}, "color": "rgb(229,164,67)", "id": 26, "size": 1, "source": 11, "target": 7}, {"attributes": {"Weight": 0.13187120858609427}, "color": "rgb(229,164,67)", "id": 27, "size": 1, "source": 15, "target": 7}, {"attributes": {"Weight": 0.09596421184280148}, "color": "rgb(229,164,67)", "id": 28, "size": 1, "source": 28, "target": 7}, {"attributes": {"Weight": 0.17887432536622977}, "color": "rgb(229,164,67)", "id": 29, "size": 1, "source": 42, "target": 7}, {"attributes": {"Weight": 0.2929418008137272}, "color": "rgb(229,164,67)", "id": 30, "size": 1, "source": 1, "target": 8}, {"attributes": {"Weight": 0.2969959909934648}, "color": "rgb(229,164,67)", "id": 31, "size": 1, "source": 12, "target": 8}, {"attributes": {"Weight": 0.2686376688290971}, "color": "rgb(229,164,67)", "id": 32, "size": 1, "source": 16, "target": 8}, {"attributes": {"Weight": 0.24577484961329132}, "color": "rgb(229,164,67)", "id": 33, "size": 1, "source": 24, "target": 8}, {"attributes": {"Weight": 0.2325906683984414}, "color": "rgb(229,164,67)", "id": 34, "size": 1, "source": 4, "target": 9}, {"attributes": {"Weight": 0.32605969400551793}, "color": "rgb(229,164,67)", "id": 35, "size": 1, "source": 5, "target": 9}, {"attributes": {"Weight": 0.30380932860949256}, "color": "rgb(229,164,67)", "id": 36, "size": 1, "source": 6, "target": 9}, {"attributes": {"Weight": 0.32694382208945316}, "color": "rgb(229,164,67)", "id": 37, "size": 1, "source": 10, "target": 9}, {"attributes": {"Weight": 0.0934159256668998}, "color": "rgb(229,164,67)", "id": 38, "size": 1, "source": 4, "target": 10}, {"attributes": {"Weight": 0.09321963046568013}, "color": "rgb(229,164,67)", "id": 39, "size": 1, "source": 5, "target": 10}, {"attributes": {"Weight": 0.140778262524522}, "color": "rgb(229,164,67)", "id": 40, "size": 1, "source": 6, "target": 10}, {"attributes": {"Weight": 0.1250583294447037}, "color": "rgb(229,164,67)", "id": 41, "size": 1, "source": 15, "target": 11}, {"attributes": {"Weight": 0.12224680196210445}, "color": "rgb(229,164,67)", "id": 42, "size": 1, "source": 32, "target": 11}, {"attributes": {"Weight": 0.16949370341814443}, "color": "rgb(229,164,67)", "id": 43, "size": 1, "source": 42, "target": 11}, {"attributes": {"Weight": 0.16444951222602305}, "color": "rgb(229,164,67)", "id": 44, "size": 1, "source": 46, "target": 11}, {"attributes": {"Weight": 0.13338050592605696}, "color": "rgb(229,164,67)", "id": 45, "size": 1, "source": 1, "target": 12}, {"attributes": {"Weight": 0.12778499350584474}, "color": "rgb(229,164,67)", "id": 46, "size": 1, "source": 4, "target": 12}, {"attributes": {"Weight": 0.12485377007338083}, "color": "rgb(229,164,67)", "id": 47, "size": 1, "source": 16, "target": 12}, {"attributes": {"Weight": 0.11649002196123365}, "color": "rgb(229,164,67)", "id": 48, "size": 1, "source": 24, "target": 12}, {"attributes": {"Weight": 0.13156080748399804}, "color": "rgb(229,164,67)", "id": 49, "size": 1, "source": 23, "target": 13}, {"attributes": {"Weight": 0.12669640315080194}, "color": "rgb(229,164,67)", "id": 50, "size": 1, "source": 34, "target": 13}, {"attributes": {"Weight": 0.15512879484820608}, "color": "rgb(229,164,67)", "id": 51, "size": 1, "source": 44, "target": 13}, {"attributes": {"Weight": 0.16719357976653695}, "color": "rgb(229,164,67)", "id": 52, "size": 1, "source": 47, "target": 13}, {"attributes": {"Weight": 0.14516463035825222}, "color": "rgb(229,164,67)", "id": 53, "size": 1, "source": 11, "target": 14}, {"attributes": {"Weight": 0.12187599702222694}, "color": "rgb(229,164,67)", "id": 54, "size": 1, "source": 16, "target": 14}, {"attributes": {"Weight": 0.13391053391053392}, "color": "rgb(229,164,67)", "id": 55, "size": 1, "source": 17, "target": 14}, {"attributes": {"Weight": 0.13840530922381455}, "color": "rgb(229,164,67)", "id": 56, "size": 1, "source": 32, "target": 14}, {"attributes": {"Weight": 0.18586088939566706}, "color": "rgb(229,164,67)", "id": 57, "size": 1, "source": 46, "target": 14}, {"attributes": {"Weight": 0.13594282929998375}, "color": "rgb(229,164,67)", "id": 58, "size": 1, "source": 8, "target": 15}, {"attributes": {"Weight": 0.16991860854052848}, "color": "rgb(229,164,67)", "id": 59, "size": 1, "source": 14, "target": 15}, {"attributes": {"Weight": 0.14487734487734488}, "color": "rgb(229,164,67)", "id": 60, "size": 1, "source": 17, "target": 15}, {"attributes": {"Weight": 0.14890193108670957}, "color": "rgb(229,164,67)", "id": 61, "size": 1, "source": 36, "target": 15}, {"attributes": {"Weight": 0.1537962362102531}, "color": "rgb(229,164,67)", "id": 62, "size": 1, "source": 37, "target": 15}, {"attributes": {"Weight": 0.1416357096526918}, "color": "rgb(229,164,67)", "id": 63, "size": 1, "source": 1, "target": 16}, {"attributes": {"Weight": 0.15629633697622056}, "color": "rgb(229,164,67)", "id": 64, "size": 1, "source": 12, "target": 16}, {"attributes": {"Weight": 0.12326935930487921}, "color": "rgb(229,164,67)", "id": 65, "size": 1, "source": 24, "target": 16}, {"attributes": {"Weight": 0.1585354774234578}, "color": "rgb(229,164,67)", "id": 66, "size": 1, "source": 29, "target": 16}, {"attributes": {"Weight": 0.12664458116422148}, "color": "rgb(229,164,67)", "id": 67, "size": 1, "source": 7, "target": 17}, {"attributes": {"Weight": 0.13377510871816112}, "color": "rgb(229,164,67)", "id": 68, "size": 1, "source": 11, "target": 17}, {"attributes": {"Weight": 0.1277925028398334}, "color": "rgb(229,164,67)", "id": 69, "size": 1, "source": 36, "target": 17}, {"attributes": {"Weight": 0.13303049967553537}, "color": "rgb(229,164,67)", "id": 70, "size": 1, "source": 37, "target": 17}, {"attributes": {"Weight": 0.17707530197892574}, "color": "rgb(229,164,67)", "id": 71, "size": 1, "source": 42, "target": 17}, {"attributes": {"Weight": 0.14078972589610889}, "color": "rgb(229,164,67)", "id": 72, "size": 1, "source": 19, "target": 18}, {"attributes": {"Weight": 0.14693251533742333}, "color": "rgb(229,164,67)", "id": 73, "size": 1, "source": 31, "target": 18}, {"attributes": {"Weight": 0.1272986683576411}, "color": "rgb(229,164,67)", "id": 74, "size": 1, "source": 33, "target": 18}, {"attributes": {"Weight": 0.1710740694322597}, "color": "rgb(229,164,67)", "id": 75, "size": 1, "source": 39, "target": 18}, {"attributes": {"Weight": 0.17190643863179075}, "color": "rgb(229,164,67)", "id": 76, "size": 1, "source": 40, "target": 18}, {"attributes": {"Weight": 0.15925451138940933}, "color": "rgb(229,164,67)", "id": 77, "size": 1, "source": 2, "target": 19}, {"attributes": {"Weight": 0.1522405777030369}, "color": "rgb(229,164,67)", "id": 78, "size": 1, "source": 25, "target": 19}, {"attributes": {"Weight": 0.10838557281729809}, "color": "rgb(229,164,67)", "id": 79, "size": 1, "source": 29, "target": 19}, {"attributes": {"Weight": 0.1621676891615542}, "color": "rgb(229,164,67)", "id": 80, "size": 1, "source": 31, "target": 19}, {"attributes": {"Weight": 0.13910906785034877}, "color": "rgb(229,164,67)", "id": 81, "size": 1, "source": 33, "target": 19}, {"attributes": {"Weight": 0.13776223776223775}, "color": "rgb(229,164,67)", "id": 82, "size": 1, "source": 3, "target": 20}, {"attributes": {"Weight": 0.17083800273938488}, "color": "rgb(229,164,67)", "id": 83, "size": 1, "source": 21, "target": 20}, {"attributes": {"Weight": 0.1387531756888802}, "color": "rgb(229,164,67)", "id": 84, "size": 1, "source": 26, "target": 20}, {"attributes": {"Weight": 0.1536389436721343}, "color": "rgb(229,164,67)", "id": 85, "size": 1, "source": 28, "target": 20}, {"attributes": {"Weight": 0.15032617944596766}, "color": "rgb(229,164,67)", "id": 86, "size": 1, "source": 35, "target": 20}, {"attributes": {"Weight": 0.13541348016722748}, "color": "rgb(229,164,67)", "id": 87, "size": 1, "source": 20, "target": 21}, {"attributes": {"Weight": 0.12155559898377956}, "color": "rgb(229,164,67)", "id": 88, "size": 1, "source": 26, "target": 21}, {"attributes": {"Weight": 0.12295014421096004}, "color": "rgb(229,164,67)", "id": 89, "size": 1, "source": 30, "target": 21}, {"attributes": {"Weight": 0.13368630046326935}, "color": "rgb(229,164,67)", "id": 90, "size": 1, "source": 35, "target": 21}, {"attributes": {"Weight": 0.16291019502510803}, "color": "rgb(229,164,67)", "id": 91, "size": 1, "source": 38, "target": 21}, {"attributes": {"Weight": 0.14259702922855774}, "color": "rgb(229,164,67)", "id": 92, "size": 1, "source": 0, "target": 22}, {"attributes": {"Weight": 0.10722610722610723}, "color": "rgb(229,164,67)", "id": 93, "size": 1, "source": 13, "target": 22}, {"attributes": {"Weight": 0.18813144741040094}, "color": "rgb(229,164,67)", "id": 94, "size": 1, "source": 16, "target": 22}, {"attributes": {"Weight": 0.13593663658132252}, "color": "rgb(229,164,67)", "id": 95, "size": 1, "source": 27, "target": 22}, {"attributes": {"Weight": 0.14296268932397488}, "color": "rgb(229,164,67)", "id": 96, "size": 1, "source": 43, "target": 22}, {"attributes": {"Weight": 0.13694298035457594}, "color": "rgb(229,164,67)", "id": 97, "size": 1, "source": 0, "target": 23}, {"attributes": {"Weight": 0.13024282560706402}, "color": "rgb(229,164,67)", "id": 98, "size": 1, "source": 22, "target": 23}, {"attributes": {"Weight": 0.13050285503776018}, "color": "rgb(229,164,67)", "id": 99, "size": 1, "source": 27, "target": 23}, {"attributes": {"Weight": 0.1310619720983202}, "color": "rgb(229,164,67)", "id": 100, "size": 1, "source": 34, "target": 23}, {"attributes": {"Weight": 0.15932553337921543}, "color": "rgb(229,164,67)", "id": 101, "size": 1, "source": 45, "target": 23}, {"attributes": {"Weight": 0.10843799752343888}, "color": "rgb(229,164,67)", "id": 102, "size": 1, "source": 1, "target": 24}, {"attributes": {"Weight": 0.06399220399545233}, "color": "rgb(229,164,67)", "id": 103, "size": 1, "source": 8, "target": 24}, {"attributes": {"Weight": 0.1253226426492394}, "color": "rgb(229,164,67)", "id": 104, "size": 1, "source": 12, "target": 24}, {"attributes": {"Weight": 0.13291541746161534}, "color": "rgb(229,164,67)", "id": 105, "size": 1, "source": 29, "target": 24}, {"attributes": {"Weight": 0.14544916674884134}, "color": "rgb(229,164,67)", "id": 106, "size": 1, "source": 2, "target": 25}, {"attributes": {"Weight": 0.1402414486921529}, "color": "rgb(229,164,67)", "id": 107, "size": 1, "source": 18, "target": 25}, {"attributes": {"Weight": 0.14785276073619633}, "color": "rgb(229,164,67)", "id": 108, "size": 1, "source": 31, "target": 25}, {"attributes": {"Weight": 0.17303822937625754}, "color": "rgb(229,164,67)", "id": 109, "size": 1, "source": 40, "target": 25}, {"attributes": {"Weight": 0.17838742916022668}, "color": "rgb(229,164,67)", "id": 110, "size": 1, "source": 41, "target": 25}, {"attributes": {"Weight": 0.12227772227772228}, "color": "rgb(229,164,67)", "id": 111, "size": 1, "source": 3, "target": 26}, {"attributes": {"Weight": 0.13755480779035384}, "color": "rgb(229,164,67)", "id": 112, "size": 1, "source": 20, "target": 26}, {"attributes": {"Weight": 0.13872721150608494}, "color": "rgb(229,164,67)", "id": 113, "size": 1, "source": 28, "target": 26}, {"attributes": {"Weight": 0.12468067573135558}, "color": "rgb(229,164,67)", "id": 114, "size": 1, "source": 30, "target": 26}, {"attributes": {"Weight": 0.1653626065631204}, "color": "rgb(229,164,67)", "id": 115, "size": 1, "source": 38, "target": 26}, {"attributes": {"Weight": 0.10687292505474323}, "color": "rgb(229,164,67)", "id": 116, "size": 1, "source": 13, "target": 27}, {"attributes": {"Weight": 0.1413096996553422}, "color": "rgb(229,164,67)", "id": 117, "size": 1, "source": 23, "target": 27}, {"attributes": {"Weight": 0.2110241737708747}, "color": "rgb(229,164,67)", "id": 118, "size": 1, "source": 38, "target": 27}, {"attributes": {"Weight": 0.14250092353158478}, "color": "rgb(229,164,67)", "id": 119, "size": 1, "source": 43, "target": 27}, {"attributes": {"Weight": 0.17923151750972763}, "color": "rgb(229,164,67)", "id": 120, "size": 1, "source": 47, "target": 27}, {"attributes": {"Weight": 0.18571428571428572}, "color": "rgb(229,164,67)", "id": 121, "size": 1, "source": 3, "target": 28}, {"attributes": {"Weight": 0.23060640019922798}, "color": "rgb(229,164,67)", "id": 122, "size": 1, "source": 21, "target": 28}, {"attributes": {"Weight": 0.1855579441078757}, "color": "rgb(229,164,67)", "id": 123, "size": 1, "source": 26, "target": 28}, {"attributes": {"Weight": 0.177008652657602}, "color": "rgb(229,164,67)", "id": 124, "size": 1, "source": 30, "target": 28}, {"attributes": {"Weight": 0.1957076675805994}, "color": "rgb(229,164,67)", "id": 125, "size": 1, "source": 35, "target": 28}, {"attributes": {"Weight": 0.32360398608408514}, "color": "rgb(229,164,67)", "id": 126, "size": 1, "source": 1, "target": 29}, {"attributes": {"Weight": 0.03604368576698972}, "color": "rgb(229,164,67)", "id": 127, "size": 1, "source": 6, "target": 29}, {"attributes": {"Weight": 0.21227870716257918}, "color": "rgb(229,164,67)", "id": 128, "size": 1, "source": 8, "target": 29}, {"attributes": {"Weight": 0.325772969410731}, "color": "rgb(229,164,67)", "id": 129, "size": 1, "source": 12, "target": 29}, {"attributes": {"Weight": 0.2965011166648942}, "color": "rgb(229,164,67)", "id": 130, "size": 1, "source": 16, "target": 29}, {"attributes": {"Weight": 0.27060059199847225}, "color": "rgb(229,164,67)", "id": 131, "size": 1, "source": 24, "target": 29}, {"attributes": {"Weight": 0.18001998001998}, "color": "rgb(229,164,67)", "id": 132, "size": 1, "source": 3, "target": 30}, {"attributes": {"Weight": 0.0002042723575850152}, "color": "rgb(229,164,67)", "id": 133, "size": 1, "source": 9, "target": 30}, {"attributes": {"Weight": 0.19649230141735496}, "color": "rgb(229,164,67)", "id": 134, "size": 1, "source": 20, "target": 30}, {"attributes": {"Weight": 0.1800859878835255}, "color": "rgb(229,164,67)", "id": 135, "size": 1, "source": 26, "target": 30}, {"attributes": {"Weight": 0.19022407109766473}, "color": "rgb(229,164,67)", "id": 136, "size": 1, "source": 35, "target": 30}, {"attributes": {"Weight": 0.23286231460936588}, "color": "rgb(229,164,67)", "id": 137, "size": 1, "source": 38, "target": 30}, {"attributes": {"Weight": 0.1628044571541268}, "color": "rgb(229,164,67)", "id": 138, "size": 1, "source": 2, "target": 31}, {"attributes": {"Weight": 0.1579476861167002}, "color": "rgb(229,164,67)", "id": 139, "size": 1, "source": 18, "target": 31}, {"attributes": {"Weight": 0.1585202223500096}, "color": "rgb(229,164,67)", "id": 140, "size": 1, "source": 19, "target": 31}, {"attributes": {"Weight": 0.1558017608072015}, "color": "rgb(229,164,67)", "id": 141, "size": 1, "source": 25, "target": 31}, {"attributes": {"Weight": 0.14196258719086874}, "color": "rgb(229,164,67)", "id": 142, "size": 1, "source": 33, "target": 31}, {"attributes": {"Weight": 0.20105615662029883}, "color": "rgb(229,164,67)", "id": 143, "size": 1, "source": 41, "target": 31}, {"attributes": {"Weight": 0.14283009938476102}, "color": "rgb(229,164,67)", "id": 144, "size": 1, "source": 7, "target": 32}, {"attributes": {"Weight": 0.1641208607425577}, "color": "rgb(229,164,67)", "id": 145, "size": 1, "source": 14, "target": 32}, {"attributes": {"Weight": 0.14397955319954564}, "color": "rgb(229,164,67)", "id": 146, "size": 1, "source": 36, "target": 32}, {"attributes": {"Weight": 0.14888291461944933}, "color": "rgb(229,164,67)", "id": 147, "size": 1, "source": 37, "target": 32}, {"attributes": {"Weight": 0.1990490876381393}, "color": "rgb(229,164,67)", "id": 148, "size": 1, "source": 42, "target": 32}, {"attributes": {"Weight": 0.19358925630305335}, "color": "rgb(229,164,67)", "id": 149, "size": 1, "source": 46, "target": 32}, {"attributes": {"Weight": 0.1796329381192139}, "color": "rgb(229,164,67)", "id": 150, "size": 1, "source": 8, "target": 33}, {"attributes": {"Weight": 0.18309859154929578}, "color": "rgb(229,164,67)", "id": 151, "size": 1, "source": 18, "target": 33}, {"attributes": {"Weight": 0.18238451217174623}, "color": "rgb(229,164,67)", "id": 152, "size": 1, "source": 19, "target": 33}, {"attributes": {"Weight": 0.18043327727767336}, "color": "rgb(229,164,67)", "id": 153, "size": 1, "source": 25, "target": 33}, {"attributes": {"Weight": 0.22559217947111168}, "color": "rgb(229,164,67)", "id": 154, "size": 1, "source": 39, "target": 33}, {"attributes": {"Weight": 0.22648390342052313}, "color": "rgb(229,164,67)", "id": 155, "size": 1, "source": 40, "target": 33}, {"attributes": {"Weight": 0.14470531863919503}, "color": "rgb(229,164,67)", "id": 156, "size": 1, "source": 0, "target": 34}, {"attributes": {"Weight": 0.10878010878010878}, "color": "rgb(229,164,67)", "id": 157, "size": 1, "source": 13, "target": 34}, {"attributes": {"Weight": 0.13760117733627666}, "color": "rgb(229,164,67)", "id": 158, "size": 1, "source": 22, "target": 34}, {"attributes": {"Weight": 0.14396848842934515}, "color": "rgb(229,164,67)", "id": 159, "size": 1, "source": 23, "target": 34}, {"attributes": {"Weight": 0.1449944588104913}, "color": "rgb(229,164,67)", "id": 160, "size": 1, "source": 43, "target": 34}, {"attributes": {"Weight": 0.1685019499885295}, "color": "rgb(229,164,67)", "id": 161, "size": 1, "source": 45, "target": 34}, {"attributes": {"Weight": 0.17562437562437563}, "color": "rgb(229,164,67)", "id": 162, "size": 1, "source": 3, "target": 35}, {"attributes": {"Weight": 0.18012018840344324}, "color": "rgb(229,164,67)", "id": 163, "size": 1, "source": 8, "target": 35}, {"attributes": {"Weight": 0.19210767818904864}, "color": "rgb(229,164,67)", "id": 164, "size": 1, "source": 20, "target": 35}, {"attributes": {"Weight": 0.21803013323371934}, "color": "rgb(229,164,67)", "id": 165, "size": 1, "source": 21, "target": 35}, {"attributes": {"Weight": 0.17578659370725033}, "color": "rgb(229,164,67)", "id": 166, "size": 1, "source": 26, "target": 35}, {"attributes": {"Weight": 0.16876802637000413}, "color": "rgb(229,164,67)", "id": 167, "size": 1, "source": 30, "target": 35}, {"attributes": {"Weight": 0.227840710031531}, "color": "rgb(229,164,67)", "id": 168, "size": 1, "source": 38, "target": 35}, {"attributes": {"Weight": 0.15475627070515854}, "color": "rgb(229,164,67)", "id": 169, "size": 1, "source": 7, "target": 36}, {"attributes": {"Weight": 0.16463035825222613}, "color": "rgb(229,164,67)", "id": 170, "size": 1, "source": 11, "target": 36}, {"attributes": {"Weight": 0.15828278114792346}, "color": "rgb(229,164,67)", "id": 171, "size": 1, "source": 15, "target": 36}, {"attributes": {"Weight": 0.151996151996152}, "color": "rgb(229,164,67)", "id": 172, "size": 1, "source": 17, "target": 36}, {"attributes": {"Weight": 0.15648744830239492}, "color": "rgb(229,164,67)", "id": 173, "size": 1, "source": 32, "target": 36}, {"attributes": {"Weight": 0.1606563456011866}, "color": "rgb(229,164,67)", "id": 174, "size": 1, "source": 37, "target": 36}, {"attributes": {"Weight": 0.20967946281515268}, "color": "rgb(229,164,67)", "id": 175, "size": 1, "source": 46, "target": 36}, {"attributes": {"Weight": 0.18220539517274018}, "color": "rgb(229,164,67)", "id": 176, "size": 1, "source": 7, "target": 37}, {"attributes": {"Weight": 0.210502843126324}, "color": "rgb(229,164,67)", "id": 177, "size": 1, "source": 14, "target": 37}, {"attributes": {"Weight": 0.18534764349043398}, "color": "rgb(229,164,67)", "id": 178, "size": 1, "source": 15, "target": 37}, {"attributes": {"Weight": 0.17989417989417988}, "color": "rgb(229,164,67)", "id": 179, "size": 1, "source": 17, "target": 37}, {"attributes": {"Weight": 0.24386517712212355}, "color": "rgb(229,164,67)", "id": 180, "size": 1, "source": 24, "target": 37}, {"attributes": {"Weight": 0.18447629123785708}, "color": "rgb(229,164,67)", "id": 181, "size": 1, "source": 32, "target": 37}, {"attributes": {"Weight": 0.18345323741007194}, "color": "rgb(229,164,67)", "id": 182, "size": 1, "source": 36, "target": 37}, {"attributes": {"Weight": 0.2464208792601039}, "color": "rgb(229,164,67)", "id": 183, "size": 1, "source": 46, "target": 37}, {"attributes": {"Weight": 0.1986013986013986}, "color": "rgb(229,164,67)", "id": 184, "size": 1, "source": 3, "target": 38}, {"attributes": {"Weight": 0.08497057359529178}, "color": "rgb(229,164,67)", "id": 185, "size": 1, "source": 6, "target": 38}, {"attributes": {"Weight": 0.21535637809727745}, "color": "rgb(229,164,67)", "id": 186, "size": 1, "source": 20, "target": 38}, {"attributes": {"Weight": 0.24666915701656084}, "color": "rgb(229,164,67)", "id": 187, "size": 1, "source": 21, "target": 38}, {"attributes": {"Weight": 0.1982606996286887}, "color": "rgb(229,164,67)", "id": 188, "size": 1, "source": 26, "target": 38}, {"attributes": {"Weight": 0.21222762037616047}, "color": "rgb(229,164,67)", "id": 189, "size": 1, "source": 28, "target": 38}, {"attributes": {"Weight": 0.1877214668314792}, "color": "rgb(229,164,67)", "id": 190, "size": 1, "source": 30, "target": 38}, {"attributes": {"Weight": 0.20780939774983453}, "color": "rgb(229,164,67)", "id": 191, "size": 1, "source": 35, "target": 38}, {"attributes": {"Weight": 0.17641258258554382}, "color": "rgb(229,164,67)", "id": 192, "size": 1, "source": 2, "target": 39}, {"attributes": {"Weight": 0.17183098591549295}, "color": "rgb(229,164,67)", "id": 193, "size": 1, "source": 18, "target": 39}, {"attributes": {"Weight": 0.17174621429940579}, "color": "rgb(229,164,67)", "id": 194, "size": 1, "source": 19, "target": 39}, {"attributes": {"Weight": 0.16945296270649915}, "color": "rgb(229,164,67)", "id": 195, "size": 1, "source": 25, "target": 39}, {"attributes": {"Weight": 0.17995910020449898}, "color": "rgb(229,164,67)", "id": 196, "size": 1, "source": 31, "target": 39}, {"attributes": {"Weight": 0.15290107799619532}, "color": "rgb(229,164,67)", "id": 197, "size": 1, "source": 33, "target": 39}, {"attributes": {"Weight": 0.21252515090543259}, "color": "rgb(229,164,67)", "id": 198, "size": 1, "source": 40, "target": 39}, {"attributes": {"Weight": 0.21883049974240082}, "color": "rgb(229,164,67)", "id": 199, "size": 1, "source": 41, "target": 39}, {"attributes": {"Weight": 0.17680702100384577}, "color": "rgb(229,164,67)", "id": 200, "size": 1, "source": 2, "target": 40}, {"attributes": {"Weight": 0.1722334004024145}, "color": "rgb(229,164,67)", "id": 201, "size": 1, "source": 18, "target": 40}, {"attributes": {"Weight": 0.17212957638489554}, "color": "rgb(229,164,67)", "id": 202, "size": 1, "source": 19, "target": 40}, {"attributes": {"Weight": 0.169848649718073}, "color": "rgb(229,164,67)", "id": 203, "size": 1, "source": 25, "target": 40}, {"attributes": {"Weight": 0.18026584867075665}, "color": "rgb(229,164,67)", "id": 204, "size": 1, "source": 31, "target": 40}, {"attributes": {"Weight": 0.15313887127457196}, "color": "rgb(229,164,67)", "id": 205, "size": 1, "source": 33, "target": 40}, {"attributes": {"Weight": 0.21205664870284496}, "color": "rgb(229,164,67)", "id": 206, "size": 1, "source": 39, "target": 40}, {"attributes": {"Weight": 0.2193456980937661}, "color": "rgb(229,164,67)", "id": 207, "size": 1, "source": 41, "target": 40}, {"attributes": {"Weight": 0.1792722611182329}, "color": "rgb(229,164,67)", "id": 208, "size": 1, "source": 2, "target": 41}, {"attributes": {"Weight": 0.17464788732394365}, "color": "rgb(229,164,67)", "id": 209, "size": 1, "source": 18, "target": 41}, {"attributes": {"Weight": 0.174429748897834}, "color": "rgb(229,164,67)", "id": 210, "size": 1, "source": 19, "target": 41}, {"attributes": {"Weight": 0.17222277178751608}, "color": "rgb(229,164,67)", "id": 211, "size": 1, "source": 25, "target": 41}, {"attributes": {"Weight": 0.18282208588957055}, "color": "rgb(229,164,67)", "id": 212, "size": 1, "source": 31, "target": 41}, {"attributes": {"Weight": 0.15512048192771086}, "color": "rgb(229,164,67)", "id": 213, "size": 1, "source": 33, "target": 41}, {"attributes": {"Weight": 0.21506454442912645}, "color": "rgb(229,164,67)", "id": 214, "size": 1, "source": 39, "target": 41}, {"attributes": {"Weight": 0.216046277665996}, "color": "rgb(229,164,67)", "id": 215, "size": 1, "source": 40, "target": 41}, {"attributes": {"Weight": 0.19460482725982017}, "color": "rgb(229,164,67)", "id": 216, "size": 1, "source": 7, "target": 42}, {"attributes": {"Weight": 0.2081176226962104}, "color": "rgb(229,164,67)", "id": 217, "size": 1, "source": 11, "target": 42}, {"attributes": {"Weight": 0.22510870777121195}, "color": "rgb(229,164,67)", "id": 218, "size": 1, "source": 14, "target": 42}, {"attributes": {"Weight": 0.19748016798880075}, "color": "rgb(229,164,67)", "id": 219, "size": 1, "source": 15, "target": 42}, {"attributes": {"Weight": 0.1924001924001924}, "color": "rgb(229,164,67)", "id": 220, "size": 1, "source": 17, "target": 42}, {"attributes": {"Weight": 0.23239756518579086}, "color": "rgb(229,164,67)", "id": 221, "size": 1, "source": 29, "target": 42}, {"attributes": {"Weight": 0.1969798980475137}, "color": "rgb(229,164,67)", "id": 222, "size": 1, "source": 32, "target": 42}, {"attributes": {"Weight": 0.19575918212798182}, "color": "rgb(229,164,67)", "id": 223, "size": 1, "source": 36, "target": 42}, {"attributes": {"Weight": 0.1996848057847409}, "color": "rgb(229,164,67)", "id": 224, "size": 1, "source": 37, "target": 42}, {"attributes": {"Weight": 0.1943459511260182}, "color": "rgb(229,164,67)", "id": 225, "size": 1, "source": 0, "target": 43}, {"attributes": {"Weight": 0.1453697817334181}, "color": "rgb(229,164,67)", "id": 226, "size": 1, "source": 13, "target": 43}, {"attributes": {"Weight": 0.1853384841795438}, "color": "rgb(229,164,67)", "id": 227, "size": 1, "source": 22, "target": 43}, {"attributes": {"Weight": 0.19497784342688332}, "color": "rgb(229,164,67)", "id": 228, "size": 1, "source": 23, "target": 43}, {"attributes": {"Weight": 0.1856695524037576}, "color": "rgb(229,164,67)", "id": 229, "size": 1, "source": 27, "target": 43}, {"attributes": {"Weight": 0.2743758718553081}, "color": "rgb(229,164,67)", "id": 230, "size": 1, "source": 28, "target": 43}, {"attributes": {"Weight": 0.18790927208882985}, "color": "rgb(229,164,67)", "id": 231, "size": 1, "source": 34, "target": 43}, {"attributes": {"Weight": 0.22918583256669733}, "color": "rgb(229,164,67)", "id": 232, "size": 1, "source": 44, "target": 43}, {"attributes": {"Weight": 0.22791924753383805}, "color": "rgb(229,164,67)", "id": 233, "size": 1, "source": 45, "target": 43}, {"attributes": {"Weight": 0.18677527551509343}, "color": "rgb(229,164,67)", "id": 234, "size": 1, "source": 0, "target": 44}, {"attributes": {"Weight": 0.25517034668798083}, "color": "rgb(229,164,67)", "id": 235, "size": 1, "source": 4, "target": 44}, {"attributes": {"Weight": 0.13978950342586707}, "color": "rgb(229,164,67)", "id": 236, "size": 1, "source": 13, "target": 44}, {"attributes": {"Weight": 0.17798013245033112}, "color": "rgb(229,164,67)", "id": 237, "size": 1, "source": 22, "target": 44}, {"attributes": {"Weight": 0.17839381101491988}, "color": "rgb(229,164,67)", "id": 238, "size": 1, "source": 27, "target": 44}, {"attributes": {"Weight": 0.18041188193983107}, "color": "rgb(229,164,67)", "id": 239, "size": 1, "source": 34, "target": 44}, {"attributes": {"Weight": 0.18553749538234207}, "color": "rgb(229,164,67)", "id": 240, "size": 1, "source": 43, "target": 44}, {"attributes": {"Weight": 0.2188575361321404}, "color": "rgb(229,164,67)", "id": 241, "size": 1, "source": 45, "target": 44}, {"attributes": {"Weight": 0.23589494163424124}, "color": "rgb(229,164,67)", "id": 242, "size": 1, "source": 47, "target": 44}, {"attributes": {"Weight": 0.19463344513655967}, "color": "rgb(229,164,67)", "id": 243, "size": 1, "source": 0, "target": 45}, {"attributes": {"Weight": 0.2280331330193276}, "color": "rgb(229,164,67)", "id": 244, "size": 1, "source": 8, "target": 45}, {"attributes": {"Weight": 0.1456523274705093}, "color": "rgb(229,164,67)", "id": 245, "size": 1, "source": 13, "target": 45}, {"attributes": {"Weight": 0.18561442236938927}, "color": "rgb(229,164,67)", "id": 246, "size": 1, "source": 22, "target": 45}, {"attributes": {"Weight": 0.19537173806006894}, "color": "rgb(229,164,67)", "id": 247, "size": 1, "source": 23, "target": 45}, {"attributes": {"Weight": 0.1859458463805489}, "color": "rgb(229,164,67)", "id": 248, "size": 1, "source": 27, "target": 45}, {"attributes": {"Weight": 0.18819398310714625}, "color": "rgb(229,164,67)", "id": 249, "size": 1, "source": 34, "target": 45}, {"attributes": {"Weight": 0.19320280753601773}, "color": "rgb(229,164,67)", "id": 250, "size": 1, "source": 43, "target": 45}, {"attributes": {"Weight": 0.2296458141674333}, "color": "rgb(229,164,67)", "id": 251, "size": 1, "source": 44, "target": 45}, {"attributes": {"Weight": 0.2459873540856031}, "color": "rgb(229,164,67)", "id": 252, "size": 1, "source": 47, "target": 45}, {"attributes": {"Weight": 0.19895882631329861}, "color": "rgb(229,164,67)", "id": 253, "size": 1, "source": 7, "target": 46}, {"attributes": {"Weight": 0.2130875957755229}, "color": "rgb(229,164,67)", "id": 254, "size": 1, "source": 11, "target": 46}, {"attributes": {"Weight": 0.23034897981937785}, "color": "rgb(229,164,67)", "id": 255, "size": 1, "source": 14, "target": 46}, {"attributes": {"Weight": 0.20195986934204385}, "color": "rgb(229,164,67)", "id": 256, "size": 1, "source": 15, "target": 46}, {"attributes": {"Weight": 0.19692159692159691}, "color": "rgb(229,164,67)", "id": 257, "size": 1, "source": 17, "target": 46}, {"attributes": {"Weight": 0.25947124557100026}, "color": "rgb(229,164,67)", "id": 258, "size": 1, "source": 29, "target": 46}, {"attributes": {"Weight": 0.20140425122631528}, "color": "rgb(229,164,67)", "id": 259, "size": 1, "source": 32, "target": 46}, {"attributes": {"Weight": 0.20011359333585763}, "color": "rgb(229,164,67)", "id": 260, "size": 1, "source": 36, "target": 46}, {"attributes": {"Weight": 0.20394919810883472}, "color": "rgb(229,164,67)", "id": 261, "size": 1, "source": 37, "target": 46}, {"attributes": {"Weight": 0.27550758159856076}, "color": "rgb(229,164,67)", "id": 262, "size": 1, "source": 42, "target": 46}, {"attributes": {"Weight": 0.14381578017941654}, "color": "rgb(229,164,67)", "id": 263, "size": 1, "source": 13, "target": 47}, {"attributes": {"Weight": 0.18322295805739514}, "color": "rgb(229,164,67)", "id": 264, "size": 1, "source": 22, "target": 47}, {"attributes": {"Weight": 0.19281142294436238}, "color": "rgb(229,164,67)", "id": 265, "size": 1, "source": 23, "target": 47}, {"attributes": {"Weight": 0.18355129858169092}, "color": "rgb(229,164,67)", "id": 266, "size": 1, "source": 27, "target": 47}, {"attributes": {"Weight": 0.2188710341985991}, "color": "rgb(229,164,67)", "id": 267, "size": 1, "source": 30, "target": 47}, {"attributes": {"Weight": 0.1857264876150707}, "color": "rgb(229,164,67)", "id": 268, "size": 1, "source": 34, "target": 47}, {"attributes": {"Weight": 0.1908016254155892}, "color": "rgb(229,164,67)", "id": 269, "size": 1, "source": 43, "target": 47}, {"attributes": {"Weight": 0.2266559337626495}, "color": "rgb(229,164,67)", "id": 270, "size": 1, "source": 44, "target": 47}, {"attributes": {"Weight": 0.22539573296627666}, "color": "rgb(229,164,67)", "id": 271, "size": 1, "source": 45, "target": 47}], "nodes": [{"attributes": {"Module_id": 1, "Total_mod": 6}, "color": "rgb(0,0,255)", "id": 0, "label": "id_1", "size": 1, "x": 1, "y": 1}, {"attributes": {"Module_id": 2, "Total_mod": 6}, "color": "rgb(0,0,255)", "id": 1, "label": "id_2", "size": 1, "x": 1, "y": 1}, {"attributes": {"Module_id": 3, "Total_mod": 6}, "color": "rgb(0,0,255)", "id": 2, "label": "id_3", "size": 1, "x": 1, "y": 1}, {"attributes": {"Module_id": 4, "Total_mod": 6}, "color": "rgb(0,0,255)", "id": 3, "label": "id_4", "size": 1, "x": 1, "y": 1}, {"attributes": {"Module_id": 5, "Total_mod": 6}, "color": "rgb(0,0,255)", "id": 4, "label": "id_5", "size": 1, "x": 1, "y": 1}, {"attributes": {"Module_id": 5, "Total_mod": 6}, "color": "rgb(0,0,255)", "id": 5, "label": "id_6", "size": 1, "x": 1, "y": 1}, {"attributes": {"Module_id": 5, "Total_mod": 6}, "color": "rgb(0,0,255)", "id": 6, "label": "id_7", "size": 1, "x": 1, "y": 1}, {"attributes": {"Module_id": 6, "Total_mod": 6}, "color": "rgb(0,0,255)", "id": 7, "label": "id_8", "size": 1, "x": 1, "y": 1}, {"attributes": {"Module_id": 2, "Total_mod": 6}, "color": "rgb(0,0,255)", "id": 8, "label": "id_9", "size": 1, "x": 1, "y": 1}, {"attributes": {"Module_id": 5, "Total_mod": 6}, "color": "rgb(0,0,255)", "id": 9, "label": "id_10", "size": 1, "x": 1, "y": 1}, {"attributes": {"Module_id": 5, "Total_mod": 6}, "color": "rgb(0,0,255)", "id": 10, "label": "id_11", "size": 1, "x": 1, "y": 1}, {"attributes": {"Module_id": 6, "Total_mod": 6}, "color": "rgb(0,0,255)", "id": 11, "label": "id_12", "size": 1, "x": 1, "y": 1}, {"attributes": {"Module_id": 2, "Total_mod": 6}, "color": "rgb(0,0,255)", "id": 12, "label": "id_13", "size": 1, "x": 1, "y": 1}, {"attributes": {"Module_id": 1, "Total_mod": 6}, "color": "rgb(0,0,255)", "id": 13, "label": "id_14", "size": 1, "x": 1, "y": 1}, {"attributes": {"Module_id": 6, "Total_mod": 6}, "color": "rgb(0,0,255)", "id": 14, "label": "id_15", "size": 1, "x": 1, "y": 1}, {"attributes": {"Module_id": 6, "Total_mod": 6}, "color": "rgb(0,0,255)", "id": 15, "label": "id_16", "size": 1, "x": 1, "y": 1}, {"attributes": {"Module_id": 2, "Total_mod": 6}, "color": "rgb(0,0,255)", "id": 16, "label": "id_17", "size": 1, "x": 1, "y": 1}, {"attributes": {"Module_id": 6, "Total_mod": 6}, "color": "rgb(0,0,255)", "id": 17, "label": "id_18", "size": 1, "x": 1, "y": 1}, {"attributes": {"Module_id": 3, "Total_mod": 6}, "color": "rgb(0,0,255)", "id": 18, "label": "id_19", "size": 1, "x": 1, "y": 1}, {"attributes": {"Module_id": 3, "Total_mod": 6}, "color": "rgb(0,0,255)", "id": 19, "label": "id_20", "size": 1, "x": 1, "y": 1}, {"attributes": {"Module_id": 4, "Total_mod": 6}, "color": "rgb(0,0,255)", "id": 20, "label": "id_21", "size": 1, "x": 1, "y": 1}, {"attributes": {"Module_id": 4, "Total_mod": 6}, "color": "rgb(0,0,255)", "id": 21, "label": "id_22", "size": 1, "x": 1, "y": 1}, {"attributes": {"Module_id": 1, "Total_mod": 6}, "color": "rgb(0,0,255)", "id": 22, "label": "id_23", "size": 1, "x": 1, "y": 1}, {"attributes": {"Module_id": 1, "Total_mod": 6}, "color": "rgb(0,0,255)", "id": 23, "label": "id_24", "size": 1, "x": 1, "y": 1}, {"attributes": {"Module_id": 2, "Total_mod": 6}, "color": "rgb(0,0,255)", "id": 24, "label": "id_25", "size": 1, "x": 1, "y": 1}, {"attributes": {"Module_id": 3, "Total_mod": 6}, "color": "rgb(0,0,255)", "id": 25, "label": "id_26", "size": 1, "x": 1, "y": 1}, {"attributes": {"Module_id": 4, "Total_mod": 6}, "color": "rgb(0,0,255)", "id": 26, "label": "id_27", "size": 1, "x": 1, "y": 1}, {"attributes": {"Module_id": 1, "Total_mod": 6}, "color": "rgb(0,0,255)", "id": 27, "label": "id_28", "size": 1, "x": 1, "y": 1}, {"attributes": {"Module_id": 4, "Total_mod": 6}, "color": "rgb(0,0,255)", "id": 28, "label": "id_29", "size": 1, "x": 1, "y": 1}, {"attributes": {"Module_id": 2, "Total_mod": 6}, "color": "rgb(0,0,255)", "id": 29, "label": "id_30", "size": 1, "x": 1, "y": 1}, {"attributes": {"Module_id": 4, "Total_mod": 6}, "color": "rgb(0,0,255)", "id": 30, "label": "id_31", "size": 1, "x": 1, "y": 1}, {"attributes": {"Module_id": 3, "Total_mod": 6}, "color": "rgb(0,0,255)", "id": 31, "label": "id_32", "size": 1, "x": 1, "y": 1}, {"attributes": {"Module_id": 6, "Total_mod": 6}, "color": "rgb(0,0,255)", "id": 32, "label": "id_33", "size": 1, "x": 1, "y": 1}, {"attributes": {"Module_id": 3, "Total_mod": 6}, "color": "rgb(0,0,255)", "id": 33, "label": "id_34", "size": 1, "x": 1, "y": 1}, {"attributes": {"Module_id": 1, "Total_mod": 6}, "color": "rgb(0,0,255)", "id": 34, "label": "id_35", "size": 1, "x": 1, "y": 1}, {"attributes": {"Module_id": 4, "Total_mod": 6}, "color": "rgb(0,0,255)", "id": 35, "label": "id_36", "size": 1, "x": 1, "y": 1}, {"attributes": {"Module_id": 6, "Total_mod": 6}, "color": "rgb(0,0,255)", "id": 36, "label": "id_37", "size": 1, "x": 1, "y": 1}, {"attributes": {"Module_id": 6, "Total_mod": 6}, "color": "rgb(0,0,255)", "id": 37, "label": "id_38", "size": 1, "x": 1, "y": 1}, {"attributes": {"Module_id": 4, "Total_mod": 6}, "color": "rgb(0,0,255)", "id": 38, "label": "id_39", "size": 1, "x": 1, "y": 1}, {"attributes": {"Module_id": 3, "Total_mod": 6}, "color": "rgb(0,0,255)", "id": 39, "label": "id_40", "size": 1, "x": 1, "y": 1}, {"attributes": {"Module_id": 3, "Total_mod": 6}, "color": "rgb(0,0,255)", "id": 40, "label": "id_41", "size": 1, "x": 1, "y": 1}, {"attributes": {"Module_id": 3, "Total_mod": 6}, "color": "rgb(0,0,255)", "id": 41, "label": "id_42", "size": 1, "x": 1, "y": 1}, {"attributes": {"Module_id": 6, "Total_mod": 6}, "color": "rgb(0,0,255)", "id": 42, "label": "id_43", "size": 1, "x": 1, "y": 1}, {"attributes": {"Module_id": 1, "Total_mod": 6}, "color": "rgb(0,0,255)", "id": 43, "label": "id_44", "size": 1, "x": 1, "y": 1}, {"attributes": {"Module_id": 1, "Total_mod": 6}, "color": "rgb(0,0,255)", "id": 44, "label": "id_45", "size": 1, "x": 1, "y": 1}, {"attributes": {"Module_id": 1, "Total_mod": 6}, "color": "rgb(0,0,255)", "id": 45, "label": "id_46", "size": 1, "x": 1, "y": 1}, {"attributes": {"Module_id": 6, "Total_mod": 6}, "color": "rgb(0,0,255)", "id": 46, "label": "id_47", "size": 1, "x": 1, "y": 1}, {"attributes": {"Module_id": 1, "Total_mod": 6}, "color": "rgb(0,0,255)", "id": 47, "label": "id_48", "size": 1, "x": 1, "y": 1}]}