1,id_1
2,id_2
3,id_3
4,id_4
5,id_5
6,id_6
7,id_7
8,id_8
9,id_9
10,id_10
11,id_11
12,id_12
13,id_13
14,id_14
15,id_15
16,id_16
17,id_17
18,id_18
19,id_19
20,id_20
21,id_21
22,id_22
23,id_23
24,id_24
25,id_25
26,id_26
27,id_27
28,id_28
29,id_29
30,id_30
31,id_31
32,id_32
33,id_33
34,id_34
35,id_35
36,id_36
37,id_37
38,id_38
39,id_39
40,id_40
41,id_41
42,id_42
43,id_43
44,id_44
45,id_45
46,id_46
47,id_47
48,id_48
49,id_49
50,id_50
51,id_51
52,id_52
53,id_53
54,id_54
55,id_55
56,id_56
57,id_57
58,id_58
59,id_59
60,id_60
61,id_61
62,id_62
63,id_63
64,id_64
65,id_65
66,id_66
67,id_67
68,id_68
69,id_69
70,id_70
71,id_71
72,id_72
73,id_73
74,id_74
75,id_75
76,id_76
77,id_77
78,id_78
79,id_79
80,id_80
81,id_81
82,id_82
83,id_83
84,id_84
85,id_85
86,id_86
87,id_87
88,id_88
89,id_89
90,id_90
91,id_91
92,id_92
93,id_93
94,id_94
95,id_95
96,id_96
97,id_97
98,id_98
99,id_99
100,id_100
101,id_101
102,id_102
103,id_103
104,id_104
105,id_105
106,id_106
107,id_107
108,id_108
109,id_109
110,id_110
111,id_111
112,id_112
113,id_113
114,id_114
115,id_115
116,id_116
117,id_117
118,id_118
119,id_119
120,id_120
121,id_121
122,id_122
123,id_123
124,id_124
125,id_125
126,id_126
127,id_127
128,id_128
129,id_129
130,id_130
131,id_131
132,id_132
133,id_133
134,id_134
135,id_135
136,id_136
137,id_137
138,id_138
139,id_139
140,id_140
141,id_141
142,id_142
143,id_143
144,id_144
145,id_145
146,id_146
147,id_147
148,id_148
149,id_149
150,id_150
151,id_151
152,id_152
153,id_153
154,id_154
155,id_155
156,id_156
157,id_157
158,id_158
159,id_159
160,id_160
161,id_161
162,id_162
163,id_163
164,id_164
165,id_165
166,id_166
167,id_167
168,id_168
169,id_169
170,id_170
171,id_171
172,id_172
173,id_173
174,id_174
175,id_175
176,id_176
177,id_177
178,id_178
179,id_179
180,id_180
181,id_181
182,id_182
183,id_183
184,id_184
185,id_185
186,id_186
187,id_187
188,id_188
189,id_189
190,id_190
191,id_191
192,id_192
193,id_193
194,id_194
195,id_195
196,id_196
197,id_197
198,id_198
199,id_199
200,id_200
201,id_201
202,id_202
203,id_203
204,id_204
205,id_205
206,id_206
207,id_207
208,id_208
209,id_209
210,id_210
211,id_211
212,id_212
213,id_213
214,id_214
215,id_215
216,id_216
217,id_217
218,id_218
219,id_219
220,id_220
221,id_221
222,id_222
223,id_223
224,id_224
225,id_225
226,id_226
227,id_227
228,id_228
229,id_229
230,id_230
231,id_231
232,id_232
233,id_233
234,id_234
235,id_235
236,id_236
237,id_237
238,id_238
239,id_239
240,id_240
241,id_241
242,id_242
243,id_243
244,id_244
245,id_245
246,id_246
247,id_247
248,id_248
249,id_249
250,id_250
251,id_251
252,id_252
253,id_253
254,id_254
255,id_255
256,id_256
257,id_257
258,id_258
259,id_259
260,id_260
261,id_261
262,id_262
263,id_263
264,id_264
265,id_265
266,id_266
267,id_267
268,id_268
269,id_269
270,id_270
271,id_271
272,id_272
273,id_273
274,id_274
275,id_275
276,id_276
277,id_277
278,id_278
279,id_279
280,id_280
281,id_281
282,id_282
283,id_283
284,id_284
285,id_285
286,id_286
287,id_287
288,id_288
289,id_289
290,id_290
291,id_291
292,id_292
293,id_293
294,id_294
295,id_295
296,id_296
297,id_297
298,id_298
299,id_299
300,id_300
301,id_301
302,id_302
303,id_303
304,id_304
305,id_305
306,id_306
307,id_307
308,id_308
309,id_309
310,id_310
311,id_311
312,id_312
313,id_313
314,id_314
315,id_315
316,id_316
317,id_317
318,id_318
319,id_319
320,id_320
321,id_321
322,id_322
323,id_323
324,id_324
325,id_325
326,id_326
327,id_327
328,id_328
329,id_329
330,id_330
331,id_331
332,id_332
333,id_333
334,id_334
335,id_335
336,id_336
337,id_337
338,id_338
339,id_339
340,id_340
341,id_341
342,id_342
343,id_343
344,id_344
345,id_345
346,id_346
347,id_347
348,id_348
349,id_349
350,id_350
351,id_351
352,id_352
353,id_353
354,id_354
355,id_355
356,id_356
357,id_357
358,id_358
359,id_359
360,id_360
361,id_361
362,id_362
363,id_363
364,id_364
365,id_365
366,id_366
367,id_367
368,id_368
369,id_369
370,id_370
371,id_371
372,id_372
373,id_373
374,id_374
375,id_375
376,id_376
377,id_377
378,id_378
379,id_379
380,id_380
381,id_381
382,id_382
383,id_383
384,id_384
385,id_385
386,id_386
387,id_387
388,id_388
389,id_389
390,id_390
391,id_391
392,id_392
393,id_393
394,id_394
395,id_395
396,id_396
397,id_397
398,id_398
399,id_399
400,id_400
401,id_401
402,id_402
403,id_403
404,id_404
405,id_405
406,id_406
407,id_407
408,id_408
409,id_409
410,id_410
411,id_411
412,id_412
413,id_413
414,id_414
415,id_415
416,id_416
417,id_417
418,id_418
419,id_419
420,id_420
421,id_421
422,id_422
423,id_423
424,id_424
425,id_425
426,id_426
427,id_427
428,id_428
429,id_429
430,id_430
431,id_431
432,id_432
433,id_433
434,id_434
435,id_435
436,id_436
437,id_437
438,id_438
439,id_439
440,id_440
441,id_441
442,id_442
443,id_443
444,id_444
445,id_445
446,id_446
447,id_447
448,id_448
449,id_449
450,id_450
451,id_451
452,id_452
453,id_453
454,id_454
455,id_455
456,id_456
457,id_457
458,id_458
459,id_459
460,id_460
461,id_461
462,id_462
463,id_463
464,id_464
465,id_465
466,id_466
467,id_467
468,id_468
469,id_469
470,id_470
471,id_471
472,id_472
473,id_473
474,id_474
475,id_475
476,id_476
477,id_477
478,id_478
479,id_479
480,id_480
481,id_481
482,id_482
483,id_483
484,id_484
485,id_485
486,id_486
487,id_487
488,id_488
489,id_489
490,id_490
491,id_491
492,id_492
493,id_493
494,id_494
495,id_495
496,id_496
497,id_497
498,id_498
499,id_499
500,id_500
501,id_501
502,id_502
503,id_503
504,id_504
505,id_505
506,id_506
507,id_507
508,id_508
509,id_509
510,id_510
511,id_511
512,id_512
513,id_513
514,id_514
515,id_515
516,id_516
517,id_517
518,id_518
519,id_519
520,id_520
521,id_521
522,id_522
523,id_523
524,id_524
525,id_525
526,id_526
527,id_527
528,id_528
529,id_529
530,id_530
531,id_531
532,id_532
533,id_533
534,id_534
535,id_535
536,id_536
537,id_537
538,id_538
539,id_539
540,id_540
541,id_541
542,id_542
543,id_543
544,id_544
545,id_545
546,id_546
547,id_547
548,id_548
549,id_549
550,id_550
551,id_551
552,id_552
553,id_553
554,id_554
555,id_555
556,id_556
557,id_557
558,id_558
559,id_559
560,id_560
561,id_561
562,id_562
563,id_563
564,id_564
565,id_565
566,id_566
567,id_567
568,id_568
569,id_569
570,id_570
571,id_571
572,id_572
573,id_573
574,id_574
575,id_575
576,id_576
577,id_577
578,id_578
579,id_579
580,id_580
581,id_581
582,id_582
583,id_583
584,id_584
585,id_585
586,id_586
587,id_587
588,id_588
589,id_589
590,id_590
591,id_591
592,id_592
593,id_593
594,id_594
595,id_595
596,id_596
597,id_597
598,id_598
599,id_599
600,id_600
601,id_601
602,id_602
603,id_603
604,id_604
605,id_605
606,id_606
607,id_607
608,id_608
609,id_609
610,id_610
611,id_611
612,id_612
613,id_613
614,id_614
615,id_615
616,id_616
617,id_617
618,id_618
619,id_619
620,id_620
621,id_621
622,id_622
623,id_623
624,id_624
625,id_625
626,id_626
627,id_627
628,id_628
629,id_629
630,id_630
631,id_631
632,id_632
633,id_633
634,id_634
635,id_635
636,id_636
637,id_637
638,id_638
639,id_639
640,id_640
641,id_641
642,id_642
643,id_643
644,id_644
645,id_645
646,id_646
647,id_647
648,id_648
649,id_649
650,id_650
651,id_651
652,id_652
653,id_653
654,id_654
655,id_655
656,id_656
657,id_657
658,id_658
659,id_659
660,id_660
661,id_661
662,id_662
663,id_663
664,id_664
665,id_665
666,id_666
667,id_667
668,id_668
669,id_669
670,id_670
671,id_671
672,id_672
673,id_673
674,id_674
675,id_675
676,id_676
677,id_677
678,id_678
679,id_679
680,id_680
681,id_681
682,id_682
683,id_683
684,id_684
685,id_685
686,id_686
687,id_687
688,id_688
689,id_689
690,id_690
691,id_691
692,id_692
693,id_693
694,id_694
695,id_695
696,id_696
697,id_697
698,id_698
699,id_699
700,id_700
701,id_701
702,id_702
703,id_703
704,id_704
705,id_705
706,id_706
707,id_707
708,id_708
709,id_709
710,id_710
711,id_711
712,id_712
713,id_713
714,id_714
715,id_715
716,id_716
717,id_717
718,id_718
719,id_719
720,id_720
721,id_721
722,id_722
723,id_723
724,id_724
725,id_725
726,id_726
727,id_727
728,id_728
729,id_729
730,id_730
731,id_731
732,id_732
733,id_733
734,id_734
735,id_735
736,id_736
737,id_737
738,id_738
739,id_739
740,id_740
741,id_741
742,id_742
743,id_743
744,id_744
745,id_745
746,id_746
747,id_747
748,id_748
749,id_749
750,id_750
751,id_751
752,id_752
753,id_753
754,id_754
755,id_755
756,id_756
757,id_757
758,id_758
759,id_759
760,id_760
761,id_761
762,id_762
763,id_763
764,id_764
765,id_765
766,id_766
767,id_767
768,id_768
769,id_769
770,id_770
771,id_771
772,id_772
773,id_773
774,id_774
775,id_775
776,id_776
777,id_777
778,id_778
779,id_779
780,id_780
781,id_781
782,id_782
783,id_783
784,id_784
785,id_785
786,id_786
787,id_787
788,id_788
789,id_789
790,id_790
791,id_791
792,id_792
793,id_793
794,id_794
795,id_795
796,id_796
797,id_797
798,id_798
799,id_799
800,id_800
801,id_801
802,id_802
803,id_803
804,id_804
805,id_805
806,id_806
807,id_807
808,id_808
809,id_809
810,id_810
811,id_811
812,id_812
813,id_813
814,id_814
815,id_815
816,id_816
817,id_817
818,id_818
819,id_819
820,id_820
821,id_821
822,id_822
823,id_823
824,id_824
825,id_825
826,id_826
827,id_827
828,id_828
829,id_829
830,id_830
831,id_831
832,id_832
833,id_833
834,id_834
835,id_835
836,id_836
837,id_837
838,id_838
839,id_839
840,id_840
841,id_841
842,id_842
843,id_843
844,id_844
845,id_845
846,id_846
847,id_847
848,id_848
849,id_849
850,id_850
851,id_851
852,id_852
853,id_853
854,id_854
855,id_855
856,id_856
857,id_857
858,id_858
859,id_859
860,id_860
861,id_861
862,id_862
863,id_863
864,id_864
865,id_865
866,id_866
867,id_867
868,id_868
869,id_869
870,id_870
871,id_871
872,id_872
873,id_873
874,id_874
875,id_875
876,id_876
877,id_877
878,id_878
879,id_879
880,id_880
881,id_881
882,id_882
883,id_883
884,id_884
885,id_885
886,id_886
887,id_887
888,id_888
889,id_889
890,id_890
891,id_891
892,id_892
893,id_893
894,id_894
895,id_895
896,id_896
897,id_897
898,id_898
899,id_899
900,id_900
901,id_901
902,id_902
903,id_903
904,id_904
905,id_905
906,id_906
907,id_907
908,id_908
909,id_909
910,id_910
911,id_911
912,id_912
913,id_913
914,id_914
915,id_915
916,id_916
917,id_917
918,id_918
919,id_919
920,id_920
921,id_921
922,id_922
923,id_923
924,id_924
925,id_925
926,id_926
927,id_927
928,id_928
929,id_929
930,id_930
931,id_931
932,id_932
933,id_933
934,id_934
935,id_935
936,id_936
937,id_937
938,id_938
939,id_939
940,id_940
941,id_941
942,id_942
943,id_943
944,id_944
945,id_945
946,id_946
947,id_947
948,id_948
949,id_949
950,id_950
951,id_951
952,id_952
953,id_953
954,id_954
955,id_955
956,id_956
957,id_957
958,id_958
959,id_959
960,id_960
961,id_961
962,id_962
963,id_963
964,id_964
965,id_965
966,id_966
967,id_967
968,id_968
969,id_969
970,id_970
971,id_971
972,id_972
973,id_973
974,id_974
975,id_975
976,id_976
977,id_977
978,id_978
979,id_979
980,id_980
981,id_981
982,id_982
983,id_983
984,id_984
985,id_985
986,id_986
987,id_987
988,id_988
989,id_989
990,id_990
991,id_991
992,id_992
993,id_993
994,id_994
995,id_995
996,id_996
997,id_997
998,id_998
999,id_999
1000,id_1000
1001,id_1001
1002,id_1002
1003,id_1003
1004,id_1004
1005,id_1005
1006,id_1006
1007,id_1007
1008,id_1008
1009,id_1009
1010,id_1010
1011,id_1011
1012,id_1012
1013,id_1013
1014,id_1014
1015,id_1015
1016,id_1016
1017,id_1017
1018,id_1018
1019,id_1019
1020,id_1020
1021,id_1021
1022,id_1022
1023,id_1023
1024,id_1024
1025,id_1025
1026,id_1026
1027,id_1027
1028,id_1028
1029,id_1029
1030,id_1030
1031,id_1031
1032,id_1032
1033,id_1033
1034,id_1034
1035,id_1035
1036,id_1036
1037,id_1037
1038,id_1038
1039,id_1039
1040,id_1040
1041,id_1041
1042,id_1042
1043,id_1043
1044,id_1044
1045,id_1045
1046,id_1046
1047,id_1047
1048,id_1048
1049,id_1049
1050,id_1050
1051,id_1051
1052,id_1052
1053,id_1053
1054,id_1054
1055,id_1055
1056,id_1056
1057,id_1057
1058,id_1058
1059,id_1059
1060,id_1060
1061,id_1061
1062,id_1062
1063,id_1063
1064,id_1064
1065,id_1065
1066,id_1066
1067,id_1067
1068,id_1068
1069,id_1069
1070,id_1070
1071,id_1071
1072,id_1072
1073,id_1073
1074,id_1074
1075,id_1075
1076,id_1076
1077,id_1077
1078,id_1078
1079,id_1079
1080,id_1080
1081,id_1081
1082,id_1082
1083,id_1083
1084,id_1084
1085,id_1085
1086,id_1086
1087,id_1087
1088,id_1088
1089,id_1089
1090,id_1090
1091,id_1091
1092,id_1092
1093,id_1093
1094,id_1094
1095,id_1095
1096,id_1096
1097,id_1097
1098,id_1098
1099,id_1099
1100,id_1100
1101,id_1101
1102,id_1102
1103,id_1103
1104,id_1104
1105,id_1105
1106,id_1106
1107,id_1107
1108,id_1108
1109,id_1109
1110,id_1110
1111,id_1111
1112,id_1112
1113,id_1113
1114,id_1114
1115,id_1115
1116,id_1116
1117,id_1117
1118,id_1118
1119,id_1119
1120,id_1120
1121,id_1121
1122,id_1122
1123,id_1123
1124,id_1124
1125,id_1125
1126,id_1126
1127,id_1127
1128,id_1128
1129,id_1129
1130,id_1130
1131,id_1131
1132,id_1132
1133,id_1133
1134,id_1134
1135,id_1135
1136,id_1136
1137,id_1137
1138,id_1138
1139,id_1139
1140,id_1140
1141,id_1141
1142,id_1142
1143,id_1143
1144,id_1144
1145,id_1145
1146,id_1146
1147,id_1147
1148,id_1148
1149,id_1149
1150,id_1150
1151,id_1151
1152,id_1152
1153,id_1153
1154,id_1154
1155,id_1155
1156,id_1156
1157,id_1157
1158,id_1158
1159,id_1159
1160,id_1160
1161,id_1161
1162,id_1162
1163,id_1163
1164,id_1164
1165,id_1165
1166,id_1166
1167,id_1167
1168,id_1168
1169,id_1169
1170,id_1170
1171,id_1171
1172,id_1172
1173,id_1173
1174,id_1174
1175,id_1175
1176,id_1176
1177,id_1177
1178,id_1178
1179,id_1179
1180,id_1180
1181,id_1181
1182,id_1182
1183,id_1183
1184,id_1184
1185,id_1185
1186,id_1186
1187,id_1187
1188,id_1188
1189,id_1189
1190,id_1190
1191,id_1191
1192,id_1192
1193,id_1193
1194,id_1194
1195,id_1195
1196,id_1196
1197,id_1197
1198,id_1198
1199,id_1199
1200,id_1200
1201,id_1201
1202,id_1202
1203,id_1203
1204,id_1204
1205,id_1205
1206,id_1206
1207,id_1207
1208,id_1208
1209,id_1209
1210,id_1210
1211,id_1211
1212,id_1212
1213,id_1213
1214,id_1214
1215,id_1215
1216,id_1216
1217,id_1217
1218,id_1218
1219,id_1219
1220,id_1220
1221,id_1221
1222,id_1222
1223,id_1223
1224,id_1224
1225,id_1225
1226,id_1226
1227,id_1227
1228,id_1228
1229,id_1229
1230,id_1230
1231,id_1231
1232,id_1232
1233,id_1233
1234,id_1234
1235,id_1235
1236,id_1236
1237,id_1237
1238,id_1238
1239,id_1239
1240,id_1240
1241,id_1241
1242,id_1242
1243,id_1243
1244,id_1244
1245,id_1245
1246,id_1246
1247,id_1247
1248,id_1248
1249,id_1249
1250,id_1250
1251,id_1251
1252,id_1252
1253,id_1253
1254,id_1254
1255,id_1255
1256,id_1256
1257,id_1257
1258,id_1258
1259,id_1259
1260,id_1260
1261,id_1261
1262,id_1262
1263,id_1263
1264,id_1264
1265,id_1265
1266,id_1266
1267,id_1267
1268,id_1268
1269,id_1269
1270,id_1270
1271,id_1271
1272,id_1272
1273,id_1273
1274,id_1274
1275,id_1275
1276,id_1276
1277,id_1277
1278,id_1278
1279,id_1279
1280,id_1280
1281,id_1281
1282,id_1282
1283,id_1283
1284,id_1284
1285,id_1285
1286,id_1286
1287,id_1287
1288,id_1288
1289,id_1289
1290,id_1290
1291,id_1291
1292,id_1292
1293,id_1293
1294,id_1294
1295,id_1295
1296,id_1296
1297,id_1297
1298,id_1298
1299,id_1299
1300,id_1300
1301,id_1301
1302,id_1302
1303,id_1303
1304,id_1304
1305,id_1305
1306,id_1306
1307,id_1307
1308,id_1308
1309,id_1309
1310,id_1310
1311,id_1311
1312,id_1312
1313,id_1313
1314,id_1314
1315,id_1315
1316,id_1316
1317,id_1317
1318,id_1318
1319,id_1319
1320,id_1320
1321,id_1321
1322,id_1322
1323,id_1323
1324,id_1324
1325,id_1325
1326,id_1326
1327,id_1327
1328,id_1328
1329,id_1329
1330,id_1330
1331,id_1331
1332,id_1332
1333,id_1333
1334,id_1334
1335,id_1335
1336,id_1336
1337,id_1337
1338,id_1338
1339,id_1339
1340,id_1340
1341,id_1341
1342,id_1342
1343,id_1343
1344,id_1344
1345,id_1345
1346,id_1346
1347,id_1347
1348,id_1348
1349,id_1349
1350,id_1350
1351,id_1351
1352,id_1352
1353,id_1353
1354,id_1354
1355,id_1355
1356,id_1356
1357,id_1357
1358,id_1358
1359,id_1359
1360,id_1360
1361,id_1361
1362,id_1362
1363,id_1363
1364,id_1364
1365,id_1365
1366,id_1366
1367,id_1367
1368,id_1368
1369,id_1369
1370,id_1370
1371,id_1371
1372,id_1372
1373,id_1373
1374,id_1374
1375,id_1375
1376,id_1376
1377,id_1377
1378,id_1378
1379,id_1379
1380,id_1380
1381,id_1381
1382,id_1382
1383,id_1383
1384,id_1384
1385,id_1385
1386,id_1386
1387,id_1387
1388,id_1388
1389,id_1389
1390,id_1390
1391,id_1391
1392,id_1392
1393,id_1393
1394,id_1394
1395,id_1395
1396,id_1396
1397,id_1397
1398,id_1398
1399,id_1399
1400,id_1400
1401,id_1401
1402,id_1402
1403,id_1403
1404,id_1404
1405,id_1405
1406,id_1406
1407,id_1407
1408,id_1408
1409,id_1409
1410,id_1410
1411,id_1411
1412,id_1412
1413,id_1413
1414,id_1414
1415,id_1415
1416,id_1416
1417,id_1417
1418,id_1418
1419,id_1419
1420,id_1420
1421,id_1421
1422,id_1422
1423,id_1423
1424,id_1424
1425,id_1425
1426,id_1426
1427,id_1427
1428,id_1428
1429,id_1429
1430,id_1430
1431,id_1431
1432,id_1432
1433,id_1433
1434,id_1434
1435,id_1435
1436,id_1436
1437,id_1437
1438,id_1438
1439,id_1439
1440,id_1440
1441,id_1441
1442,id_1442
1443,id_1443
1444,id_1444
1445,id_1445
1446,id_1446
1447,id_1447
1448,id_1448
1449,id_1449
1450,id_1450
1451,id_1451
1452,id_1452
1453,id_1453
1454,id_1454
1455,id_1455
1456,id_1456
1457,id_1457
1458,id_1458
1459,id_1459
1460,id_1460
1461,id_1461
1462,id_1462
1463,id_1463
1464,id_1464
1465,id_1465
1466,id_1466
1467,id_1467
1468,id_1468
1469,id_1469
1470,id_1470
1471,id_1471
1472,id_1472
1473,id_1473
1474,id_1474
1475,id_1475
1476,id_1476
1477,id_1477
1478,id_1478
1479,id_1479
1480,id_1480
1481,id_1481
1482,id_1482
1483,id_1483
1484,id_1484
1485,id_1485
1486,id_1486
1487,id_1487
1488,id_1488
1489,id_1489
1490,id_1490
1491,id_1491
1492,id_1492
1493,id_1493
1494,id_1494
1495,id_1495
1496,id_1496
1497,id_1497
1498,id_1498
1499,id_1499
1500,id_1500
1501,id_1501
1502,id_1502
1503,id_1503
1504,id_1504
1505,id_1505
1506,id_1506
1507,id_1507
1508,id_1508
1509,id_1509
1510,id_1510
1511,id_1511
1512,id_1512
1513,id_1513
1514,id_1514
1515,id_1515
1516,id_1516
1517,id_1517
1518,id_1518
1519,id_1519
1520,id_1520
1521,id_1521
1522,id_1522
1523,id_1523
1524,id_1524
1525,id_1525
1526,id_1526
1527,id_1527
1528,id_1528
1529,id_1529
1530,id_1530
1531,id_1531
1532,id_1532
1533,id_1533
1534,id_1534
1535,id_1535
1536,id_1536
1537,id_1537
1538,id_1538
1539,id_1539
1540,id_1540
1541,id_1541
1542,id_1542
1543,id_1543
1544,id_1544
1545,id_1545
1546,id_1546
1547,id_1547
1548,id_1548
1549,id_1549
1550,id_1550
1551,id_1551
1552,id_1552
1553,id_1553
1554,id_1554
1555,id_1555
1556,id_1556
1557,id_1557
1558,id_1558
1559,id_1559
1560,id_1560
1561,id_1561
1562,id_1562
1563,id_1563
1564,id_1564
1565,id_1565
1566,id_1566
1567,id_1567
1568,id_1568
1569,id_1569
1570,id_1570
1571,id_1571
1572,id_1572
1573,id_1573
1574,id_1574
1575,id_1575
1576,id_1576
1577,id_1577
1578,id_1578
1579,id_1579
1580,id_1580
1581,id_1581
1582,id_1582
1583,id_1583
1584,id_1584
1585,id_1585
1586,id_1586
1587,id_1587
1588,id_1588
1589,id_1589
1590,id_1590
1591,id_1591
1592,id_1592
1593,id_1593
1594,id_1594
1595,id_1595
1596,id_1596
1597,id_1597
1598,id_1598
1599,id_1599
1600,id_1600
1601,id_1601
1602,id_1602
1603,id_1603
1604,id_1604
1605,id_1605
1606,id_1606
1607,id_1607
1608,id_1608
1609,id_1609
1610,id_1610
1611,id_1611
1612,id_1612
1613,id_1613
1614,id_1614
1615,id_1615
1616,id_1616
1617,id_1617
1618,id_1618
1619,id_1619
1620,id_1620
1621,id_1621
1622,id_1622
1623,id_1623
1624,id_1624
1625,id_1625
1626,id_1626
1627,id_1627
1628,id_1628
1629,id_1629
1630,id_1630
1631,id_1631
1632,id_1632
1633,id_1633
1634,id_1634
1635,id_1635
1636,id_1636
1637,id_1637
1638,id_1638
1639,id_1639
1640,id_1640
1641,id_1641
1642,id_1642
1643,id_1643
1644,id_1644
1645,id_1645
1646,id_1646
1647,id_1647
1648,id_1648
1649,id_1649
1650,id_1650
1651,id_1651
1652,id_1652
1653,id_1653
1654,id_1654
1655,id_1655
1656,id_1656
1657,id_1657
1658,id_1658
1659,id_1659
1660,id_1660
1661,id_1661
1662,id_1662
1663,id_1663
1664,id_1664
1665,id_1665
1666,id_1666
1667,id_1667
1668,id_1668
1669,id_1669
1670,id_1670
1671,id_1671
1672,id_1672
1673,id_1673
1674,id_1674
1675,id_1675
1676,id_1676
1677,id_1677
1678,id_1678
1679,id_1679
1680,id_1680
1681,id_1681
1682,id_1682
1683,id_1683
1684,id_1684
1685,id_1685
1686,id_1686
1687,id_1687
1688,id_1688
1689,id_1689
1690,id_1690
1691,id_1691
1692,id_1692
1693,id_1693
1694,id_1694
1695,id_1695
1696,id_1696
1697,id_1697
1698,id_1698
1699,id_1699
1700,id_1700
1701,id_1701
1702,id_1702
1703,id_1703
1704,id_1704
1705,id_1705
1706,id_1706
1707,id_1707
1708,id_1708
1709,id_1709
1710,id_1710
1711,id_1711
1712,id_1712
1713,id_1713
1714,id_1714
1715,id_1715
1716,id_1716
1717,id_1717
1718,id_1718
1719,id_1719
1720,id_1720
1721,id_1721
1722,id_1722
1723,id_1723
1724,id_1724
1725,id_1725
1726,id_1726
1727,id_1727
1728,id_1728
1729,id_1729
1730,id_1730
1731,id_1731
1732,id_1732
1733,id_1733
1734,id_1734
1735,id_1735
1736,id_1736
1737,id_1737
1738,id_1738
1739,id_1739
1740,id_1740
1741,id_1741
1742,id_1742
1743,id_1743
1744,id_1744
1745,id_1745
1746,id_1746
1747,id_1747
1748,id_1748
1749,id_1749
1750,id_1750
1751,id_1751
1752,id_1752
1753,id_1753
1754,id_1754
1755,id_1755
1756,id_1756
1757,id_1757
1758,id_1758
1759,id_1759
1760,id_1760
1761,id_1761
1762,id_1762
1763,id_1763
1764,id_1764
1765,id_1765
1766,id_1766
1767,id_1767
1768,id_1768
1769,id_1769
1770,id_1770
1771,id_1771
1772,id_1772
1773,id_1773
1774,id_1774
1775,id_1775
1776,id_1776
1777,id_1777
1778,id_1778
1779,id_1779
1780,id_1780
1781,id_1781
1782,id_1782
1783,id_1783
1784,id_1784
1785,id_1785
1786,id_1786
1787,id_1787
1788,id_1788
1789,id_1789
1790,id_1790
1791,id_1791
1792,id_1792
1793,id_1793
1794,id_1794
1795,id_1795
1796,id_1796
1797,id_1797
1798,id_1798
1799,id_1799
1800,id_1800
1801,id_1801
1802,id_1802
1803,id_1803
1804,id_1804
1805,id_1805
1806,id_1806
1807,id_1807
1808,id_1808
1809,id_1809
1810,id_1810
1811,id_1811
1812,id_1812
1813,id_1813
1814,id_1814
1815,id_1815
1816,id_1816
1817,id_1817
1818,id_1818
1819,id_1819
1820,id_1820
1821,id_1821
1822,id_1822
1823,id_1823
1824,id_1824
1825,id_1825
1826,id_1826
1827,id_1827
1828,id_1828
1829,id_1829
1830,id_1830
1831,id_1831
1832,id_1832
1833,id_1833
1834,id_1834
1835,id_1835
1836,id_1836
1837,id_1837
1838,id_1838
1839,id_1839
1840,id_1840
1841,id_1841
1842,id_1842
1843,id_1843
1844,id_1844
1845,id_1845
1846,id_1846
1847,id_1847
1848,id_1848
1849,id_1849
1850,id_1850
1851,id_1851
1852,id_1852
1853,id_1853
1854,id_1854
1855,id_1855
1856,id_1856
1857,id_1857
1858,id_1858
1859,id_1859
1860,id_1860
1861,id_1861
1862,id_1862
1863,id_1863
1864,id_1864
1865,id_1865
1866,id_1866
1867,id_1867
1868,id_1868
1869,id_1869
1870,id_1870
1871,id_1871
1872,id_1872
1873,id_1873
1874,id_1874
1875,id_1875
1876,id_1876
1877,id_1877
1878,id_1878
1879,id_1879
1880,id_1880
1881,id_1881
1882,id_1882
1883,id_1883
1884,id_1884
1885,id_1885
1886,id_1886
1887,id_1887
1888,id_1888
1889,id_1889
1890,id_1890
1891,id_1891
1892,id_1892
1893,id_1893
1894,id_1894
1895,id_1895
1896,id_1896
1897,id_1897
1898,id_1898
1899,id_1899
1900,id_1900
1901,id_1901
1902,id_1902
1903,id_1903
1904,id_1904
1905,id_1905
1906,id_1906
1907,id_1907
1908,id_1908
1909,id_1909
1910,id_1910
1911,id_1911
1912,id_1912
1913,id_1913
1914,id_1914
1915,id_1915
1916,id_1916
1917,id_1917
1918,id_1918
1919,id_1919
1920,id_1920
1921,id_1921
1922,id_1922
1923,id_1923
1924,id_1924
1925,id_1925
1926,id_1926
1927,id_1927
1928,id_1928
1929,id_1929
1930,id_1930
1931,id_1931
1932,id_1932
1933,id_1933
1934,id_1934
1935,id_1935
1936,id_1936
1937,id_1937
1938,id_1938
1939,id_1939
1940,id_1940
1941,id_1941
1942,id_1942
1943,id_1943
1944,id_1944
1945,id_1945
1946,id_1946
1947,id_1947
1948,id_1948
1949,id_1949
1950,id_1950
1951,id_1951
1952,id_1952
1953,id_1953
1954,id_1954
1955,id_1955
1956,id_1956
1957,id_1957
1958,id_1958
1959,id_1959
1960,id_1960
1961,id_1961
1962,id_1962
1963,id_1963
1964,id_1964
1965,id_1965
1966,id_1966
1967,id_1967
1968,id_1968
1969,id_1969
1970,id_1970
1971,id_1971
1972,id_1972
1973,id_1973
1974,id_1974
1975,id_1975
1976,id_1976
1977,id_1977
1978,id_1978
1979,id_1979
1980,id_1980
1981,id_1981
1982,id_1982
1983,id_1983
1984,id_1984
1985,id_1985
1986,id_1986
1987,id_1987
1988,id_1988
1989,id_1989
1990,id_1990
1991,id_1991
1992,id_1992
1993,id_1993
1994,id_1994
1995,id_1995
1996,id_1996
1997,id_1997
1998,id_1998
1999,id_1999
2000,id_2000
